[21Nov2025 20:56:50.087] [main/INFO] [cpw.mods.modlauncher.Launcher/MODLAUNCHER]: ModLauncher running: args [--launchTarget, forgeserver, --fml.forgeVersion, 43.5.0, --fml.mcVersion, 1.19.2, --fml.forgeGroup, net.minecraftforge, --fml.mcpVersion, 20220805.130853, nogui]
[21Nov2025 20:56:50.091] [main/INFO] [cpw.mods.modlauncher.Launcher/MODLAUNCHER]: ModLauncher 10.0.8+10.0.8+main.0ef7e830 starting: java version 17.0.16 by Ubuntu; OS Linux arch amd64 version 6.8.0-1030-azure
[21Nov2025 20:56:50.719] [main/INFO] [mixin/]: SpongePowered MIXIN Subsystem Version=0.8.5 Source=union:/workspaces/serverTERROR/servidor_minecraft/libraries/org/spongepowered/mixin/0.8.5/mixin-0.8.5.jar%2364!/ Service=ModLauncher Env=SERVER
[21Nov2025 20:56:51.200] [main/WARN] [net.minecraftforge.fml.loading.moddiscovery.ModDiscoverer/SCAN]: Locator {mods folder locator at /workspaces/serverTERROR/servidor_minecraft/mods} returned 3 files which are client-side-only mods, but we're on a dedicated server. They will be skipped!
[21Nov2025 20:56:51.324] [main/WARN] [net.minecraftforge.fml.loading.moddiscovery.ModFileParser/LOADING]: Mod file /workspaces/serverTERROR/servidor_minecraft/libraries/net/minecraftforge/fmlcore/1.19.2-43.5.0/fmlcore-1.19.2-43.5.0.jar is missing mods.toml file
[21Nov2025 20:56:51.326] [main/WARN] [net.minecraftforge.fml.loading.moddiscovery.ModFileParser/LOADING]: Mod file /workspaces/serverTERROR/servidor_minecraft/libraries/net/minecraftforge/javafmllanguage/1.19.2-43.5.0/javafmllanguage-1.19.2-43.5.0.jar is missing mods.toml file
[21Nov2025 20:56:51.327] [main/WARN] [net.minecraftforge.fml.loading.moddiscovery.ModFileParser/LOADING]: Mod file /workspaces/serverTERROR/servidor_minecraft/libraries/net/minecraftforge/lowcodelanguage/1.19.2-43.5.0/lowcodelanguage-1.19.2-43.5.0.jar is missing mods.toml file
[21Nov2025 20:56:51.328] [main/WARN] [net.minecraftforge.fml.loading.moddiscovery.ModFileParser/LOADING]: Mod file /workspaces/serverTERROR/servidor_minecraft/libraries/net/minecraftforge/mclanguage/1.19.2-43.5.0/mclanguage-1.19.2-43.5.0.jar is missing mods.toml file
[21Nov2025 20:56:51.567] [main/WARN] [net.minecraftforge.jarjar.selection.JarSelector/]: Attempted to select two dependency jars from JarJar which have the same identification: Mod File:  and Mod File: . Using Mod File: 
[21Nov2025 20:56:51.569] [main/INFO] [net.minecraftforge.fml.loading.moddiscovery.JarInJarDependencyLocator/]: Found 13 dependencies adding them to mods collection
[21Nov2025 20:56:54.411] [main/ERROR] [mixin/]: Mixin config dynamiclightsreforged.mixins.json does not specify "minVersion" property
[21Nov2025 20:56:54.419] [main/INFO] [mixin/]: Compatibility level set to JAVA_17
[21Nov2025 20:56:54.491] [main/ERROR] [mixin/]: Mixin config cameraoverhaul.mixins.json does not specify "minVersion" property
[21Nov2025 20:56:54.511] [main/ERROR] [mixin/]: Mixin config justhammers.mixins.json does not specify "minVersion" property
[21Nov2025 20:56:54.697] [main/INFO] [mixin/]: Successfully loaded Mixin Connector [com.sonicether.soundphysics.MixinConnector]
[21Nov2025 20:56:54.699] [main/INFO] [mixin/]: Successfully loaded Mixin Connector [ca.spottedleaf.starlight.mixin.MixinConnector]
[21Nov2025 20:56:54.700] [main/INFO] [cpw.mods.modlauncher.LaunchServiceHandler/MODLAUNCHER]: Launching target 'forgeserver' with arguments [nogui]
[21Nov2025 20:56:54.776] [main/INFO] [com.abdelaziz.saturn.common.Saturn/]: Loaded Saturn config file with 4 configurable options
[21Nov2025 20:56:54.956] [main/INFO] [ModernFix/]: Loaded configuration file for ModernFix 5.18.1+mc1.19.2: 87 options available, 0 override(s) found
[21Nov2025 20:56:54.957] [main/INFO] [ModernFix/]: Applying Nashorn fix
[21Nov2025 20:56:54.976] [main/INFO] [ModernFix/]: Applied Forge config corruption patch
[21Nov2025 20:56:55.448] [main/INFO] [portb.transformerlib.TransformerLib/]: Loaded transformer transformers/vanilla.xml
[21Nov2025 20:56:55.452] [main/INFO] [portb.transformerlib.TransformerLib/]: Loaded transformer transformers/sophisticated_core.xml
[21Nov2025 20:56:55.453] [main/INFO] [portb.transformerlib.TransformerLib/]: Loaded transformer transformers/refinedstorage.xml
[21Nov2025 20:56:55.455] [main/INFO] [portb.transformerlib.TransformerLib/]: Loaded transformer transformers/mekanism.xml
[21Nov2025 20:56:55.457] [main/INFO] [portb.transformerlib.TransformerLib/]: Loaded transformer transformers/ironfurnaces.xml
[21Nov2025 20:56:55.462] [main/INFO] [portb.transformerlib.TransformerLib/]: Loaded transformer transformers/ic2.xml
[21Nov2025 20:56:55.464] [main/INFO] [portb.transformerlib.TransformerLib/]: Loaded transformer transformers/computercraft.xml
[21Nov2025 20:56:55.466] [main/INFO] [portb.transformerlib.TransformerLib/]: Loaded transformer transformers/assortedstorage.xml
[21Nov2025 20:56:55.548] [main/WARN] [mixin/]: Reference map 'ambientsounds.mixins.refmap.json' for ambientsounds.mixins.json could not be read. If this is a development environment you can ignore this message
[21Nov2025 20:56:55.554] [main/WARN] [mixin/]: Reference map 'justhammers-forge-forge-refmap.json' for justhammers.mixins.json could not be read. If this is a development environment you can ignore this message
[21Nov2025 20:56:55.616] [main/WARN] [mixin/]: Reference map 'coroutil.refmap.json' for coroutil.mixins.json could not be read. If this is a development environment you can ignore this message
[21Nov2025 20:56:56.031] [main/WARN] [mixin/]: Error loading class: atomicstryker/multimine/client/MultiMineClient (java.lang.ClassNotFoundException: atomicstryker.multimine.client.MultiMineClient)
[21Nov2025 20:56:56.031] [main/WARN] [mixin/]: @Mixin target atomicstryker.multimine.client.MultiMineClient was not found treechop.forge.compat.mixins.json:MultiMineMixin
[21Nov2025 20:56:56.176] [main/INFO] [net.minecraftforge.coremod.CoreMod.placebo/COREMODLOG]: Patching IForgeItemStack#getEnchantmentLevel
[21Nov2025 20:56:56.187] [main/INFO] [net.minecraftforge.coremod.CoreMod.placebo/COREMODLOG]: Patching IForgeItemStack#getEnchantmentLevel
[21Nov2025 20:56:56.599] [main/INFO] [net.minecraftforge.coremod.CoreMod.apotheosis/COREMODLOG]: Replaced 2 calls to Enchantment#getMaxLevel() in net/minecraft/world/inventory/AnvilMenu
[21Nov2025 20:56:56.625] [main/WARN] [mixin/]: Error loading class: vazkii/quark/content/tweaks/module/GoldToolsHaveFortuneModule (java.lang.ClassNotFoundException: vazkii.quark.content.tweaks.module.GoldToolsHaveFortuneModule)
[21Nov2025 20:56:56.631] [main/INFO] [net.minecraftforge.coremod.CoreMod.placebo/COREMODLOG]: Patching IForgeItemStack#getEnchantmentLevel
[21Nov2025 20:56:56.634] [main/INFO] [net.minecraftforge.coremod.CoreMod.placebo/COREMODLOG]: Patching IForgeItemStack#getEnchantmentLevel
[21Nov2025 20:56:56.649] [main/WARN] [mixin/]: Error loading class: com/hollingsworth/arsnouveau/common/items/SpellCrossbow (java.lang.ClassNotFoundException: com.hollingsworth.arsnouveau.common.items.SpellCrossbow)
[21Nov2025 20:56:56.662] [main/WARN] [mixin/]: Error loading class: com/rolfmao/upgradednetherite/content/UpgradedNetheriteCrossbow (java.lang.ClassNotFoundException: com.rolfmao.upgradednetherite.content.UpgradedNetheriteCrossbow)
[21Nov2025 20:56:56.665] [main/WARN] [mixin/]: Error loading class: com/rolfmao/upgradednetherite_ultimate/content/UpgradedNetheriteCrossbow (java.lang.ClassNotFoundException: com.rolfmao.upgradednetherite_ultimate.content.UpgradedNetheriteCrossbow)
[21Nov2025 20:56:56.917] [main/WARN] [mixin/]: Error loading class: vazkii/quark/addons/oddities/inventory/BackpackMenu (java.lang.ClassNotFoundException: vazkii.quark.addons.oddities.inventory.BackpackMenu)
[21Nov2025 20:56:57.024] [main/ERROR] [net.minecraftforge.fml.loading.RuntimeDistCleaner/DISTXFORM]: Attempted to load class net/minecraft/client/Camera for invalid dist DEDICATED_SERVER
[21Nov2025 20:56:57.026] [main/WARN] [mixin/]: Error loading class: net/minecraft/client/Camera (java.lang.RuntimeException: Attempted to load class net/minecraft/client/Camera for invalid dist DEDICATED_SERVER)
[21Nov2025 20:56:57.026] [main/WARN] [mixin/]: @Mixin target net.minecraft.client.Camera was not found cameraoverhaul.mixins.json:CameraMixin
[21Nov2025 20:56:57.036] [main/ERROR] [net.minecraftforge.fml.loading.RuntimeDistCleaner/DISTXFORM]: Attempted to load class net/minecraft/client/renderer/GameRenderer for invalid dist DEDICATED_SERVER
[21Nov2025 20:56:57.036] [main/WARN] [mixin/]: Error loading class: net/minecraft/client/renderer/GameRenderer (java.lang.RuntimeException: Attempted to load class net/minecraft/client/renderer/GameRenderer for invalid dist DEDICATED_SERVER)
[21Nov2025 20:56:57.037] [main/WARN] [mixin/]: @Mixin target net.minecraft.client.renderer.GameRenderer was not found cameraoverhaul.mixins.json:GameRendererMixin
[21Nov2025 20:56:57.040] [main/ERROR] [net.minecraftforge.fml.loading.RuntimeDistCleaner/DISTXFORM]: Attempted to load class net/minecraft/client/player/LocalPlayer for invalid dist DEDICATED_SERVER
[21Nov2025 20:56:57.040] [main/WARN] [mixin/]: Error loading class: net/minecraft/client/player/LocalPlayer (java.lang.RuntimeException: Attempted to load class net/minecraft/client/player/LocalPlayer for invalid dist DEDICATED_SERVER)
[21Nov2025 20:56:57.040] [main/WARN] [mixin/]: @Mixin target net.minecraft.client.player.LocalPlayer was not found cameraoverhaul.mixins.json:LocalPlayerMixin
[21Nov2025 20:56:57.082] [main/INFO] [MixinExtras|Service/]: Initializing MixinExtras via com.llamalad7.mixinextras.service.MixinExtrasServiceImpl(version=0.4.1).
[21Nov2025 20:56:57.692] [main/INFO] [net.minecraft.server.Bootstrap/]: ModernFix reached bootstrap stage (9.750 s after launch)
[21Nov2025 20:56:57.823] [main/WARN] [mixin/]: @Final field delegatesByName:Ljava/util/Map; in modernfix-forge.mixins.json:perf.forge_registry_alloc.ForgeRegistryMixin should be final
[21Nov2025 20:56:57.823] [main/WARN] [mixin/]: @Final field delegatesByValue:Ljava/util/Map; in modernfix-forge.mixins.json:perf.forge_registry_alloc.ForgeRegistryMixin should be final
[21Nov2025 20:56:57.917] [main/INFO] [ModernFix/]: Injecting BlockStateBase cache population hook into getOpacityIfCached from ca.spottedleaf.starlight.mixin.common.blockstate.BlockStateBaseMixin
[21Nov2025 20:56:57.917] [main/INFO] [ModernFix/]: Injecting BlockStateBase cache population hook into isConditionallyFullOpaque from ca.spottedleaf.starlight.mixin.common.blockstate.BlockStateBaseMixin
[21Nov2025 20:56:59.315] [main/INFO] [net.minecraft.server.Bootstrap/]: Vanilla bootstrap took 1620 milliseconds
[21Nov2025 20:56:59.986] [main/INFO] [net.minecraftforge.coremod.CoreMod.placebo/COREMODLOG]: Patching IForgeItemStack#getEnchantmentLevel
[21Nov2025 20:56:59.987] [main/INFO] [net.minecraftforge.coremod.CoreMod.placebo/COREMODLOG]: Patching IForgeItemStack#getEnchantmentLevel
[21Nov2025 20:57:00.081] [main/INFO] [net.minecraftforge.coremod.CoreMod.apotheosis/COREMODLOG]: Replaced 2 calls to Enchantment#getMaxLevel() in net/minecraft/world/inventory/AnvilMenu
[21Nov2025 20:57:01.091] [main/INFO] [net.minecraftforge.coremod.CoreMod.apotheosis/COREMODLOG]: Patching FishingHook#catchingFish
[21Nov2025 20:57:01.417] [main/WARN] [mixin/]: Static binding violation: PRIVATE @Overwrite method m_47505_ in modernfix-common.mixins.json:perf.remove_biome_temperature_cache.BiomeMixin cannot reduce visibiliy of PUBLIC target method, visibility will be upgraded.
[21Nov2025 20:57:01.418] [main/WARN] [mixin/]: Method overwrite conflict for m_47505_ in modernfix-common.mixins.json:perf.remove_biome_temperature_cache.BiomeMixin, previously written by com.abdelaziz.saturn.mixin.leaks.biome_temperature_cache.BiomeMixin. Skipping method.
[21Nov2025 20:57:01.895] [main/INFO] [net.minecraftforge.coremod.CoreMod.apotheosis/COREMODLOG]: Replaced 2 calls to Enchantment#getMaxLevel() in net/minecraft/world/item/EnchantedBookItem
[21Nov2025 20:57:02.261] [main/INFO] [net.minecraftforge.coremod.CoreMod.apotheosis/COREMODLOG]: Replaced 1 calls to Enchantment#getMaxLevel() in net/minecraft/world/level/storage/loot/functions/EnchantRandomlyFunction
[21Nov2025 20:57:02.261] [main/INFO] [net.minecraftforge.coremod.CoreMod.apotheosis/COREMODLOG]: Replaced 1 calls to Enchantment#isDiscoverable() in net/minecraft/world/level/storage/loot/functions/EnchantRandomlyFunction
[21Nov2025 20:57:02.655] [modloading-worker-0/INFO] [dynamiclightsreforged/]: [LambDynLights] Initializing Dynamic Lights Reforged...
[21Nov2025 20:57:02.912] [modloading-worker-0/INFO] [Bookshelf/]: Fixing MC-151457. Crafting remainder for minecraft:pufferfish_bucket is now minecraft:bucket.
[21Nov2025 20:57:02.916] [modloading-worker-0/INFO] [Bookshelf/]: Fixing MC-151457. Crafting remainder for minecraft:salmon_bucket is now minecraft:bucket.
[21Nov2025 20:57:02.916] [modloading-worker-0/INFO] [Bookshelf/]: Fixing MC-151457. Crafting remainder for minecraft:cod_bucket is now minecraft:bucket.
[21Nov2025 20:57:02.916] [modloading-worker-0/INFO] [Bookshelf/]: Fixing MC-151457. Crafting remainder for minecraft:tropical_fish_bucket is now minecraft:bucket.
[21Nov2025 20:57:02.920] [modloading-worker-0/INFO] [Bookshelf/]: Fixing MC-151457. Crafting remainder for minecraft:axolotl_bucket is now minecraft:bucket.
[21Nov2025 20:57:02.920] [modloading-worker-0/INFO] [Bookshelf/]: Fixing MC-151457. Crafting remainder for minecraft:powder_snow_bucket is now minecraft:bucket.
[21Nov2025 20:57:02.920] [modloading-worker-0/INFO] [Bookshelf/]: Fixing MC-151457. Crafting remainder for minecraft:tadpole_bucket is now minecraft:bucket.
[21Nov2025 20:57:03.288] [modloading-worker-0/INFO] [de.keksuccino.konkrete.Konkrete/]: [KONKRETE] Successfully initialized!
[21Nov2025 20:57:03.288] [modloading-worker-0/INFO] [de.keksuccino.konkrete.Konkrete/]: [KONKRETE] Server-side libs ready to use!
[21Nov2025 20:57:03.595] [modloading-worker-0/INFO] [Collective/]: Loading Collective version 7.64.
[21Nov2025 20:57:03.741] [modloading-worker-0/INFO] [Spartan Weaponry/]: Constructing Mod: Spartan Weaponry
[21Nov2025 20:57:03.742] [modloading-worker-0/INFO] [Spartan Weaponry/]: Initialising API! Version: 9
[21Nov2025 20:57:03.745] [modloading-worker-0/INFO] [Spartan Weaponry/]: Spartan Weaponry API version 9 has been initalized!
[21Nov2025 20:57:04.193] [modloading-worker-0/INFO] [dev.architectury.networking.forge.NetworkManagerImpl/]: Registering C2S receiver with id architectury:sync_ids
[21Nov2025 20:57:04.204] [modloading-worker-0/INFO] [com.cupboard.Cupboard/]: Loaded config for: cupboard.json
[21Nov2025 20:57:04.415] [modloading-worker-0/INFO] [Inventory Profiles Next/]: [Inventory Profiles Next] Inventory Profiles Next - init in Kotlin
[21Nov2025 20:57:04.641] [modloading-worker-0/INFO] [com.leclowndu93150.corpsecurioscompat.Main/]: Hello from Corpse Curios Compat!
[21Nov2025 20:57:04.645] [modloading-worker-0/INFO] [coroutil/]: forge loader environment detected
[21Nov2025 20:57:04.684] [modloading-worker-0/INFO] [net.minecraftforge.common.ForgeMod/FORGEMOD]: Forge mod loading, version 43.5.0, for MC 1.19.2 with MCP 20220805.130853
[21Nov2025 20:57:04.684] [modloading-worker-0/INFO] [net.minecraftforge.common.MinecraftForge/FORGE]: MinecraftForge v43.5.0 Initialized
[21Nov2025 20:57:04.803] [modloading-worker-0/INFO] [libIPN/]: [libIPN] libIPN - init in Kotlin
[21Nov2025 20:57:04.922] [modloading-worker-0/INFO] [net.minecraftforge.coremod.CoreMod.apotheosis/COREMODLOG]: Patching FishingHook#catchingFish
[21Nov2025 20:57:05.024] [modloading-worker-0/INFO] [thedarkcolour.kotlinforforge.test.KotlinForForge/]: Kotlin For Forge Enabled!
[21Nov2025 20:57:05.047] [modloading-worker-0/INFO] [Spartan Shields/]: Constructing Mod: Spartan Shields
[21Nov2025 20:57:05.196] [modloading-worker-0/INFO] [dev.architectury.networking.forge.NetworkManagerImpl/]: Registering C2S receiver with id whisperwoods:main_channel/cdff7a8a5b4f3f218b5f77ef22e66016
[21Nov2025 20:57:05.197] [modloading-worker-0/INFO] [dev.architectury.networking.forge.NetworkManagerImpl/]: Registering C2S receiver with id whisperwoods:main_channel/773a011a51b630fba84ab824165fbd92
[21Nov2025 20:57:05.197] [modloading-worker-0/INFO] [dev.itsmeow.whisperwoods.WhisperwoodsMod/]: Spooking you...
[21Nov2025 20:57:05.205] [modloading-worker-0/WARN] [de.keksuccino.justzoom.JustZoom/]: [JUST ZOOM] Disabling 'Just Zoom' since it's a client-side mod and current environment is server!
[21Nov2025 20:57:05.522] [main/WARN] [net.minecraftforge.registries.ForgeRegistry/REGISTRIES]: Registry minecraft:sound_event: The object net.minecraft.sounds.SoundEvent@6d21e89c has been registered twice for the same name treechop:chop_wood.
[21Nov2025 20:57:07.979] [main/INFO] [Spartan Shields/]: Loading config spartanshields-common.toml
[21Nov2025 20:57:07.996] [modloading-worker-0/INFO] [incontrol/]: Enabling support for Serene Seasons
[21Nov2025 20:57:08.028] [modloading-worker-0/INFO] [incontrol/]: Reading rules from spawn.json
[21Nov2025 20:57:08.030] [modloading-worker-0/INFO] [incontrol/]: Reading rules from summonaid.json
[21Nov2025 20:57:08.031] [modloading-worker-0/INFO] [incontrol/]: Reading rules from loot.json
[21Nov2025 20:57:08.033] [modloading-worker-0/INFO] [incontrol/]: Reading rules from experience.json
[21Nov2025 20:57:08.035] [modloading-worker-0/INFO] [incontrol/]: Reading rules from phases.json
[21Nov2025 20:57:08.036] [modloading-worker-0/INFO] [incontrol/]: Reading rules from special.json
[21Nov2025 20:57:08.040] [modloading-worker-0/INFO] [incontrol/]: Reading rules from spawner.json
[21Nov2025 20:57:08.101] [modloading-worker-0/INFO] [tn.naizo.jauml.JaumlCore/]: HELLO FROM COMMON SETUP
[21Nov2025 20:57:08.128] [modloading-worker-0/INFO] [io.github.jamalam360.rightclickharvest.RightClickHarvestModInit/]: Initialized
[21Nov2025 20:57:08.152] [modloading-worker-0/INFO] [Spartan Weaponry/]: Setting up Spartan Weaponry!
[21Nov2025 20:57:08.189] [modloading-worker-0/INFO] [me.steinborn.krypton.mod.shared.Krypton/]: Compression will use libdeflate (Linux x86_64), encryption will use OpenSSL 3.0.x (Linux x86_64)
[21Nov2025 20:57:08.257] [Forge Version Check/INFO] [net.minecraftforge.fml.VersionChecker/]: [saturn] Starting version check at https://github.com/AbdElAziz333/Saturn/raw/mc1.20.1/dev/updates.json
[21Nov2025 20:57:08.262] [modloading-worker-0/INFO] [studio.lunareclipse.watching.Init/]: From The Fog Loaded Successfully!
[21Nov2025 20:57:08.269] [modloading-worker-0/INFO] [dev.itsmeow.whisperwoods.WhisperwoodsMod/]: Summoning a hidebehind to eat you...
[21Nov2025 20:57:08.269] [modloading-worker-0/INFO] [Spartan Shields/]: Setting up Spartan Shields!
[21Nov2025 20:57:08.574] [main/INFO] [Framework/SYNCED_ENTITY_DATA]: Registered synced data key jeg:aiming for minecraft:player
[21Nov2025 20:57:08.576] [main/INFO] [Framework/SYNCED_ENTITY_DATA]: Registered synced data key jeg:reloading for minecraft:player
[21Nov2025 20:57:08.577] [main/INFO] [Framework/SYNCED_ENTITY_DATA]: Registered synced data key jeg:shooting for minecraft:player
[21Nov2025 20:57:08.579] [Forge Version Check/WARN] [net.minecraftforge.fml.VersionChecker/]: Failed to process update information
com.google.gson.JsonSyntaxException: java.lang.IllegalStateException: Expected BEGIN_OBJECT but was STRING at line 9 column 1 path $
	at com.google.gson.Gson.fromJson(Gson.java:975) ~[gson-2.8.9.jar%2376!/:?]
	at com.google.gson.Gson.fromJson(Gson.java:928) ~[gson-2.8.9.jar%2376!/:?]
	at com.google.gson.Gson.fromJson(Gson.java:877) ~[gson-2.8.9.jar%2376!/:?]
	at com.google.gson.Gson.fromJson(Gson.java:848) ~[gson-2.8.9.jar%2376!/:?]
	at net.minecraftforge.fml.VersionChecker$1.process(VersionChecker.java:183) ~[fmlcore-1.19.2-43.5.0.jar%23363!/:?]
	at java.lang.Iterable.forEach(Iterable.java:75) ~[?:?]
	at net.minecraftforge.fml.VersionChecker$1.run(VersionChecker.java:114) ~[fmlcore-1.19.2-43.5.0.jar%23363!/:?]
Caused by: java.lang.IllegalStateException: Expected BEGIN_OBJECT but was STRING at line 9 column 1 path $
	at com.google.gson.stream.JsonReader.beginObject(JsonReader.java:384) ~[gson-2.8.9.jar%2376!/:?]
	at com.google.gson.internal.bind.MapTypeAdapterFactory$Adapter.read(MapTypeAdapterFactory.java:183) ~[gson-2.8.9.jar%2376!/:?]
	at com.google.gson.internal.bind.MapTypeAdapterFactory$Adapter.read(MapTypeAdapterFactory.java:145) ~[gson-2.8.9.jar%2376!/:?]
	at com.google.gson.Gson.fromJson(Gson.java:963) ~[gson-2.8.9.jar%2376!/:?]
	... 6 more
[21Nov2025 20:57:08.583] [Forge Version Check/INFO] [net.minecraftforge.fml.VersionChecker/]: [controlling] Starting version check at https://updates.blamejared.com/get?n=controlling&gv=1.19.2
[21Nov2025 20:57:08.585] [main/INFO] [journeymap/]: Initializing Packet Registries
[21Nov2025 20:57:08.880] [modloading-worker-0/INFO] [Jade/]: Start loading plugin at ht.treechop.compat.Jade
[21Nov2025 20:57:08.890] [modloading-worker-0/INFO] [Jade/]: Start loading plugin at shadows.apotheosis.spawn.compat.SpawnerHwylaPlugin
[21Nov2025 20:57:08.891] [modloading-worker-0/INFO] [Jade/]: Start loading plugin at shadows.apotheosis.ench.compat.EnchHwylaPlugin
[21Nov2025 20:57:08.892] [modloading-worker-0/INFO] [Jade/]: Start loading plugin at shadows.apotheosis.adventure.compat.AdventureHwylaPlugin
[21Nov2025 20:57:08.893] [modloading-worker-0/INFO] [Jade/]: Start loading plugin at de.maxhenkel.corpse.integration.waila.PluginCorpse
[21Nov2025 20:57:08.896] [modloading-worker-0/INFO] [Jade/]: Start loading plugin at snownee.jade.addon.lootr.LootrPlugin
[21Nov2025 20:57:08.900] [modloading-worker-0/INFO] [Jade/]: Start loading plugin at snownee.jade.addon.general.GeneralPlugin
[21Nov2025 20:57:08.904] [modloading-worker-0/INFO] [Jade/]: Start loading plugin at net.blay09.mods.waystones.compat.ForgeJadeWaystonesPlugin
[21Nov2025 20:57:08.905] [modloading-worker-0/INFO] [Jade/]: Start loading plugin at snownee.jade.addon.vanilla.VanillaPlugin
[21Nov2025 20:57:08.916] [modloading-worker-0/INFO] [Jade/]: Start loading plugin at snownee.jade.addon.universal.UniversalPlugin
[21Nov2025 20:57:08.923] [modloading-worker-0/INFO] [Jade/]: Start loading plugin at snownee.jade.addon.core.CorePlugin
[21Nov2025 20:57:08.925] [modloading-worker-0/INFO] [Jade/]: Start loading plugin at net.geforcemods.securitycraft.compat.waila.JadeDataProvider
[21Nov2025 20:57:09.015] [Forge Version Check/INFO] [net.minecraftforge.fml.VersionChecker/]: [controlling] Found status: BETA Current: 10.0+7 Target: 10.0+7
[21Nov2025 20:57:09.015] [Forge Version Check/INFO] [net.minecraftforge.fml.VersionChecker/]: [mcwstairs] Starting version check at https://raw.githubusercontent.com/sketchmacaw/macawsmods/master/stairs.json
[21Nov2025 20:57:09.053] [Forge Version Check/INFO] [net.minecraftforge.fml.VersionChecker/]: [mcwstairs] Found status: UP_TO_DATE Current: 1.0.1 Target: null
[21Nov2025 20:57:09.054] [Forge Version Check/INFO] [net.minecraftforge.fml.VersionChecker/]: [bookshelf] Starting version check at https://updates.blamejared.com/get?n=bookshelf&gv=1.19.2
[21Nov2025 20:57:09.152] [Forge Version Check/INFO] [net.minecraftforge.fml.VersionChecker/]: [bookshelf] Found status: BETA Current: 16.3.20 Target: 16.3.20
[21Nov2025 20:57:09.154] [Forge Version Check/INFO] [net.minecraftforge.fml.VersionChecker/]: [cameraoverhaul] Starting version check at https://github.com/Mirsario/Minecraft-CameraOverhaul/blob/dev/meta/ForgeUpdateCheck.json?raw=true
[21Nov2025 20:57:09.165] [main/INFO] [com.mojang.authlib.yggdrasil.YggdrasilAuthenticationService/]: Environment: authHost='https://authserver.mojang.com', accountsHost='https://api.mojang.com', sessionHost='https://sessionserver.mojang.com', servicesHost='https://api.minecraftservices.com', name='PROD'
[21Nov2025 20:57:09.282] [main/INFO] [ModernFix/]: Bypassed Mojang DFU
[21Nov2025 20:57:09.306] [Forge Version Check/INFO] [net.minecraftforge.fml.VersionChecker/]: [cameraoverhaul] Found status: UP_TO_DATE Current: 2.0.4-forge+mc.1.19.0-1.19.2 Target: null
[21Nov2025 20:57:09.307] [Forge Version Check/INFO] [net.minecraftforge.fml.VersionChecker/]: [sound_physics_remastered] Starting version check at https://update.maxhenkel.de/forge/sound_physics_remastered
[21Nov2025 20:57:09.645] [main/WARN] [net.minecraft.server.packs.VanillaPackResources/]: Assets URL 'union:/workspaces/serverTERROR/servidor_minecraft/libraries/net/minecraft/server/1.19.2-20220805.130853/server-1.19.2-20220805.130853-srg.jar%23362!/assets/.mcassetsroot' uses unexpected schema
[21Nov2025 20:57:09.645] [main/WARN] [net.minecraft.server.packs.VanillaPackResources/]: Assets URL 'union:/workspaces/serverTERROR/servidor_minecraft/libraries/net/minecraft/server/1.19.2-20220805.130853/server-1.19.2-20220805.130853-srg.jar%23362!/data/.mcassetsroot' uses unexpected schema
[21Nov2025 20:57:09.824] [Forge Version Check/INFO] [net.minecraftforge.fml.VersionChecker/]: [sound_physics_remastered] Found status: AHEAD Current: 1.19.2-1.4.5 Target: null
[21Nov2025 20:57:09.827] [Forge Version Check/INFO] [net.minecraftforge.fml.VersionChecker/]: [corpse] Starting version check at https://update.maxhenkel.de/forge/corpse
[21Nov2025 20:57:09.930] [Forge Version Check/INFO] [net.minecraftforge.fml.VersionChecker/]: [corpse] Found status: AHEAD Current: 1.19.2-1.0.17 Target: null
[21Nov2025 20:57:09.930] [Forge Version Check/INFO] [net.minecraftforge.fml.VersionChecker/]: [highlighter] Starting version check at https://mc-update-check.anthonyhilyard.com/521590
[21Nov2025 20:57:10.036] [Forge Version Check/WARN] [net.minecraftforge.fml.VersionChecker/]: Failed to process update information
javax.net.ssl.SSLHandshakeException: PKIX path validation failed: java.security.cert.CertPathValidatorException: validity check failed
	at jdk.internal.net.http.HttpClientImpl.send(HttpClientImpl.java:579) ~[java.net.http:?]
	at jdk.internal.net.http.HttpClientFacade.send(HttpClientFacade.java:123) ~[java.net.http:?]
	at net.minecraftforge.fml.VersionChecker$1.openUrlString(VersionChecker.java:139) ~[fmlcore-1.19.2-43.5.0.jar%23363!/:?]
	at net.minecraftforge.fml.VersionChecker$1.process(VersionChecker.java:177) ~[fmlcore-1.19.2-43.5.0.jar%23363!/:?]
	at java.lang.Iterable.forEach(Iterable.java:75) ~[?:?]
	at net.minecraftforge.fml.VersionChecker$1.run(VersionChecker.java:114) ~[fmlcore-1.19.2-43.5.0.jar%23363!/:?]
Caused by: javax.net.ssl.SSLHandshakeException: PKIX path validation failed: java.security.cert.CertPathValidatorException: validity check failed
	at sun.security.ssl.Alert.createSSLException(Alert.java:131) ~[?:?]
	at sun.security.ssl.TransportContext.fatal(TransportContext.java:383) ~[?:?]
	at sun.security.ssl.TransportContext.fatal(TransportContext.java:326) ~[?:?]
	at sun.security.ssl.TransportContext.fatal(TransportContext.java:321) ~[?:?]
	at sun.security.ssl.CertificateMessage$T12CertificateConsumer.checkServerCerts(CertificateMessage.java:654) ~[?:?]
	at sun.security.ssl.CertificateMessage$T12CertificateConsumer.onCertificate(CertificateMessage.java:473) ~[?:?]
	at sun.security.ssl.CertificateMessage$T12CertificateConsumer.consume(CertificateMessage.java:369) ~[?:?]
	at sun.security.ssl.SSLHandshake.consume(SSLHandshake.java:396) ~[?:?]
	at sun.security.ssl.HandshakeContext.dispatch(HandshakeContext.java:480) ~[?:?]
	at sun.security.ssl.SSLEngineImpl$DelegatedTask$DelegatedAction.run(SSLEngineImpl.java:1277) ~[?:?]
	at sun.security.ssl.SSLEngineImpl$DelegatedTask$DelegatedAction.run(SSLEngineImpl.java:1264) ~[?:?]
	at java.security.AccessController.doPrivileged(AccessController.java:712) ~[?:?]
	at sun.security.ssl.SSLEngineImpl$DelegatedTask.run(SSLEngineImpl.java:1209) ~[?:?]
	at java.util.ArrayList.forEach(ArrayList.java:1511) ~[?:?]
	at jdk.internal.net.http.common.SSLFlowDelegate.lambda$executeTasks$3(SSLFlowDelegate.java:1132) ~[java.net.http:?]
	at jdk.internal.net.http.HttpClientImpl$DelegatingExecutor.execute(HttpClientImpl.java:158) ~[java.net.http:?]
	at jdk.internal.net.http.common.SSLFlowDelegate.executeTasks(SSLFlowDelegate.java:1127) ~[java.net.http:?]
	at jdk.internal.net.http.common.SSLFlowDelegate.doHandshake(SSLFlowDelegate.java:1093) ~[java.net.http:?]
	at jdk.internal.net.http.common.SSLFlowDelegate$Reader.processData(SSLFlowDelegate.java:498) ~[java.net.http:?]
	at jdk.internal.net.http.common.SSLFlowDelegate$Reader$ReaderDownstreamPusher.run(SSLFlowDelegate.java:282) ~[java.net.http:?]
	at jdk.internal.net.http.common.SequentialScheduler$LockingRestartableTask.run(SequentialScheduler.java:205) ~[java.net.http:?]
	at jdk.internal.net.http.common.SequentialScheduler$CompleteRestartableTask.run(SequentialScheduler.java:149) ~[java.net.http:?]
	at jdk.internal.net.http.common.SequentialScheduler$TryEndDeferredCompleter.complete(SequentialScheduler.java:347) ~[java.net.http:?]
	at jdk.internal.net.http.common.SequentialScheduler$CompleteRestartableTask.run(SequentialScheduler.java:151) ~[java.net.http:?]
	at jdk.internal.net.http.common.SequentialScheduler$SchedulableTask.run(SequentialScheduler.java:230) ~[java.net.http:?]
	at java.util.concurrent.ThreadPoolExecutor.runWorker(ThreadPoolExecutor.java:1136) ~[?:?]
	at java.util.concurrent.ThreadPoolExecutor$Worker.run(ThreadPoolExecutor.java:635) ~[?:?]
	at java.lang.Thread.run(Thread.java:840) ~[?:?]
Caused by: sun.security.validator.ValidatorException: PKIX path validation failed: java.security.cert.CertPathValidatorException: validity check failed
	at sun.security.validator.PKIXValidator.doValidate(PKIXValidator.java:369) ~[?:?]
	at sun.security.validator.PKIXValidator.engineValidate(PKIXValidator.java:275) ~[?:?]
	at sun.security.validator.Validator.validate(Validator.java:264) ~[?:?]
	at sun.security.ssl.X509TrustManagerImpl.checkTrusted(X509TrustManagerImpl.java:285) ~[?:?]
	at sun.security.ssl.X509TrustManagerImpl.checkServerTrusted(X509TrustManagerImpl.java:144) ~[?:?]
	at sun.security.ssl.CertificateMessage$T12CertificateConsumer.checkServerCerts(CertificateMessage.java:632) ~[?:?]
	at sun.security.ssl.CertificateMessage$T12CertificateConsumer.onCertificate(CertificateMessage.java:473) ~[?:?]
	at sun.security.ssl.CertificateMessage$T12CertificateConsumer.consume(CertificateMessage.java:369) ~[?:?]
	at sun.security.ssl.SSLHandshake.consume(SSLHandshake.java:396) ~[?:?]
	at sun.security.ssl.HandshakeContext.dispatch(HandshakeContext.java:480) ~[?:?]
	at sun.security.ssl.SSLEngineImpl$DelegatedTask$DelegatedAction.run(SSLEngineImpl.java:1277) ~[?:?]
	at sun.security.ssl.SSLEngineImpl$DelegatedTask$DelegatedAction.run(SSLEngineImpl.java:1264) ~[?:?]
	at java.security.AccessController.doPrivileged(AccessController.java:712) ~[?:?]
	at sun.security.ssl.SSLEngineImpl$DelegatedTask.run(SSLEngineImpl.java:1209) ~[?:?]
	at java.util.ArrayList.forEach(ArrayList.java:1511) ~[?:?]
	at jdk.internal.net.http.common.SSLFlowDelegate.lambda$executeTasks$3(SSLFlowDelegate.java:1132) ~[java.net.http:?]
	at jdk.internal.net.http.HttpClientImpl$DelegatingExecutor.execute(HttpClientImpl.java:158) ~[java.net.http:?]
	at jdk.internal.net.http.common.SSLFlowDelegate.executeTasks(SSLFlowDelegate.java:1127) ~[java.net.http:?]
	at jdk.internal.net.http.common.SSLFlowDelegate.doHandshake(SSLFlowDelegate.java:1093) ~[java.net.http:?]
	at jdk.internal.net.http.common.SSLFlowDelegate$Reader.processData(SSLFlowDelegate.java:498) ~[java.net.http:?]
	at jdk.internal.net.http.common.SSLFlowDelegate$Reader$ReaderDownstreamPusher.run(SSLFlowDelegate.java:282) ~[java.net.http:?]
	at jdk.internal.net.http.common.SequentialScheduler$LockingRestartableTask.run(SequentialScheduler.java:205) ~[java.net.http:?]
	at jdk.internal.net.http.common.SequentialScheduler$CompleteRestartableTask.run(SequentialScheduler.java:149) ~[java.net.http:?]
	at jdk.internal.net.http.common.SequentialScheduler$TryEndDeferredCompleter.complete(SequentialScheduler.java:347) ~[java.net.http:?]
	at jdk.internal.net.http.common.SequentialScheduler$CompleteRestartableTask.run(SequentialScheduler.java:151) ~[java.net.http:?]
	at jdk.internal.net.http.common.SequentialScheduler$SchedulableTask.run(SequentialScheduler.java:230) ~[java.net.http:?]
	at java.util.concurrent.ThreadPoolExecutor.runWorker(ThreadPoolExecutor.java:1136) ~[?:?]
	at java.util.concurrent.ThreadPoolExecutor$Worker.run(ThreadPoolExecutor.java:635) ~[?:?]
	at java.lang.Thread.run(Thread.java:840) ~[?:?]
Caused by: java.security.cert.CertPathValidatorException: validity check failed
	at sun.security.provider.certpath.PKIXMasterCertPathValidator.validate(PKIXMasterCertPathValidator.java:135) ~[?:?]
	at sun.security.provider.certpath.PKIXCertPathValidator.validate(PKIXCertPathValidator.java:224) ~[?:?]
	at sun.security.provider.certpath.PKIXCertPathValidator.validate(PKIXCertPathValidator.java:144) ~[?:?]
	at sun.security.provider.certpath.PKIXCertPathValidator.engineValidate(PKIXCertPathValidator.java:83) ~[?:?]
	at java.security.cert.CertPathValidator.validate(CertPathValidator.java:309) ~[?:?]
	at sun.security.validator.PKIXValidator.doValidate(PKIXValidator.java:364) ~[?:?]
	at sun.security.validator.PKIXValidator.engineValidate(PKIXValidator.java:275) ~[?:?]
	at sun.security.validator.Validator.validate(Validator.java:264) ~[?:?]
	at sun.security.ssl.X509TrustManagerImpl.checkTrusted(X509TrustManagerImpl.java:285) ~[?:?]
	at sun.security.ssl.X509TrustManagerImpl.checkServerTrusted(X509TrustManagerImpl.java:144) ~[?:?]
	at sun.security.ssl.CertificateMessage$T12CertificateConsumer.checkServerCerts(CertificateMessage.java:632) ~[?:?]
	at sun.security.ssl.CertificateMessage$T12CertificateConsumer.onCertificate(CertificateMessage.java:473) ~[?:?]
	at sun.security.ssl.CertificateMessage$T12CertificateConsumer.consume(CertificateMessage.java:369) ~[?:?]
	at sun.security.ssl.SSLHandshake.consume(SSLHandshake.java:396) ~[?:?]
	at sun.security.ssl.HandshakeContext.dispatch(HandshakeContext.java:480) ~[?:?]
	at sun.security.ssl.SSLEngineImpl$DelegatedTask$DelegatedAction.run(SSLEngineImpl.java:1277) ~[?:?]
	at sun.security.ssl.SSLEngineImpl$DelegatedTask$DelegatedAction.run(SSLEngineImpl.java:1264) ~[?:?]
	at java.security.AccessController.doPrivileged(AccessController.java:712) ~[?:?]
	at sun.security.ssl.SSLEngineImpl$DelegatedTask.run(SSLEngineImpl.java:1209) ~[?:?]
	at java.util.ArrayList.forEach(ArrayList.java:1511) ~[?:?]
	at jdk.internal.net.http.common.SSLFlowDelegate.lambda$executeTasks$3(SSLFlowDelegate.java:1132) ~[java.net.http:?]
	at jdk.internal.net.http.HttpClientImpl$DelegatingExecutor.execute(HttpClientImpl.java:158) ~[java.net.http:?]
	at jdk.internal.net.http.common.SSLFlowDelegate.executeTasks(SSLFlowDelegate.java:1127) ~[java.net.http:?]
	at jdk.internal.net.http.common.SSLFlowDelegate.doHandshake(SSLFlowDelegate.java:1093) ~[java.net.http:?]
	at jdk.internal.net.http.common.SSLFlowDelegate$Reader.processData(SSLFlowDelegate.java:498) ~[java.net.http:?]
	at jdk.internal.net.http.common.SSLFlowDelegate$Reader$ReaderDownstreamPusher.run(SSLFlowDelegate.java:282) ~[java.net.http:?]
	at jdk.internal.net.http.common.SequentialScheduler$LockingRestartableTask.run(SequentialScheduler.java:205) ~[java.net.http:?]
	at jdk.internal.net.http.common.SequentialScheduler$CompleteRestartableTask.run(SequentialScheduler.java:149) ~[java.net.http:?]
	at jdk.internal.net.http.common.SequentialScheduler$TryEndDeferredCompleter.complete(SequentialScheduler.java:347) ~[java.net.http:?]
	at jdk.internal.net.http.common.SequentialScheduler$CompleteRestartableTask.run(SequentialScheduler.java:151) ~[java.net.http:?]
	at jdk.internal.net.http.common.SequentialScheduler$SchedulableTask.run(SequentialScheduler.java:230) ~[java.net.http:?]
	at java.util.concurrent.ThreadPoolExecutor.runWorker(ThreadPoolExecutor.java:1136) ~[?:?]
	at java.util.concurrent.ThreadPoolExecutor$Worker.run(ThreadPoolExecutor.java:635) ~[?:?]
	at java.lang.Thread.run(Thread.java:840) ~[?:?]
Caused by: java.security.cert.CertificateExpiredException: NotAfter: Sat Sep 06 14:33:56 UTC 2025
	at sun.security.x509.CertificateValidity.valid(CertificateValidity.java:274) ~[?:?]
	at sun.security.x509.X509CertImpl.checkValidity(X509CertImpl.java:621) ~[?:?]
	at sun.security.provider.certpath.BasicChecker.verifyValidity(BasicChecker.java:190) ~[?:?]
	at sun.security.provider.certpath.BasicChecker.check(BasicChecker.java:144) ~[?:?]
	at sun.security.provider.certpath.PKIXMasterCertPathValidator.validate(PKIXMasterCertPathValidator.java:125) ~[?:?]
	at sun.security.provider.certpath.PKIXCertPathValidator.validate(PKIXCertPathValidator.java:224) ~[?:?]
	at sun.security.provider.certpath.PKIXCertPathValidator.validate(PKIXCertPathValidator.java:144) ~[?:?]
	at sun.security.provider.certpath.PKIXCertPathValidator.engineValidate(PKIXCertPathValidator.java:83) ~[?:?]
	at java.security.cert.CertPathValidator.validate(CertPathValidator.java:309) ~[?:?]
	at sun.security.validator.PKIXValidator.doValidate(PKIXValidator.java:364) ~[?:?]
	at sun.security.validator.PKIXValidator.engineValidate(PKIXValidator.java:275) ~[?:?]
	at sun.security.validator.Validator.validate(Validator.java:264) ~[?:?]
	at sun.security.ssl.X509TrustManagerImpl.checkTrusted(X509TrustManagerImpl.java:285) ~[?:?]
	at sun.security.ssl.X509TrustManagerImpl.checkServerTrusted(X509TrustManagerImpl.java:144) ~[?:?]
	at sun.security.ssl.CertificateMessage$T12CertificateConsumer.checkServerCerts(CertificateMessage.java:632) ~[?:?]
	at sun.security.ssl.CertificateMessage$T12CertificateConsumer.onCertificate(CertificateMessage.java:473) ~[?:?]
	at sun.security.ssl.CertificateMessage$T12CertificateConsumer.consume(CertificateMessage.java:369) ~[?:?]
	at sun.security.ssl.SSLHandshake.consume(SSLHandshake.java:396) ~[?:?]
	at sun.security.ssl.HandshakeContext.dispatch(HandshakeContext.java:480) ~[?:?]
	at sun.security.ssl.SSLEngineImpl$DelegatedTask$DelegatedAction.run(SSLEngineImpl.java:1277) ~[?:?]
	at sun.security.ssl.SSLEngineImpl$DelegatedTask$DelegatedAction.run(SSLEngineImpl.java:1264) ~[?:?]
	at java.security.AccessController.doPrivileged(AccessController.java:712) ~[?:?]
	at sun.security.ssl.SSLEngineImpl$DelegatedTask.run(SSLEngineImpl.java:1209) ~[?:?]
	at java.util.ArrayList.forEach(ArrayList.java:1511) ~[?:?]
	at jdk.internal.net.http.common.SSLFlowDelegate.lambda$executeTasks$3(SSLFlowDelegate.java:1132) ~[java.net.http:?]
	at jdk.internal.net.http.HttpClientImpl$DelegatingExecutor.execute(HttpClientImpl.java:158) ~[java.net.http:?]
	at jdk.internal.net.http.common.SSLFlowDelegate.executeTasks(SSLFlowDelegate.java:1127) ~[java.net.http:?]
	at jdk.internal.net.http.common.SSLFlowDelegate.doHandshake(SSLFlowDelegate.java:1093) ~[java.net.http:?]
	at jdk.internal.net.http.common.SSLFlowDelegate$Reader.processData(SSLFlowDelegate.java:498) ~[java.net.http:?]
	at jdk.internal.net.http.common.SSLFlowDelegate$Reader$ReaderDownstreamPusher.run(SSLFlowDelegate.java:282) ~[java.net.http:?]
	at jdk.internal.net.http.common.SequentialScheduler$LockingRestartableTask.run(SequentialScheduler.java:205) ~[java.net.http:?]
	at jdk.internal.net.http.common.SequentialScheduler$CompleteRestartableTask.run(SequentialScheduler.java:149) ~[java.net.http:?]
	at jdk.internal.net.http.common.SequentialScheduler$TryEndDeferredCompleter.complete(SequentialScheduler.java:347) ~[java.net.http:?]
	at jdk.internal.net.http.common.SequentialScheduler$CompleteRestartableTask.run(SequentialScheduler.java:151) ~[java.net.http:?]
	at jdk.internal.net.http.common.SequentialScheduler$SchedulableTask.run(SequentialScheduler.java:230) ~[java.net.http:?]
	at java.util.concurrent.ThreadPoolExecutor.runWorker(ThreadPoolExecutor.java:1136) ~[?:?]
	at java.util.concurrent.ThreadPoolExecutor$Worker.run(ThreadPoolExecutor.java:635) ~[?:?]
	at java.lang.Thread.run(Thread.java:840) ~[?:?]
[21Nov2025 20:57:10.040] [Forge Version Check/INFO] [net.minecraftforge.fml.VersionChecker/]: [cfm] Starting version check at https://mrcrayfish.com/modupdatejson?id=cfm
[21Nov2025 20:57:10.189] [Forge Version Check/WARN] [net.minecraftforge.fml.VersionChecker/]: Failed to process update information
com.google.gson.JsonSyntaxException: java.lang.IllegalStateException: Expected BEGIN_OBJECT but was STRING at line 1 column 1 path $
	at com.google.gson.Gson.fromJson(Gson.java:975) ~[gson-2.8.9.jar%2376!/:?]
	at com.google.gson.Gson.fromJson(Gson.java:928) ~[gson-2.8.9.jar%2376!/:?]
	at com.google.gson.Gson.fromJson(Gson.java:877) ~[gson-2.8.9.jar%2376!/:?]
	at com.google.gson.Gson.fromJson(Gson.java:848) ~[gson-2.8.9.jar%2376!/:?]
	at net.minecraftforge.fml.VersionChecker$1.process(VersionChecker.java:183) ~[fmlcore-1.19.2-43.5.0.jar%23363!/:?]
	at java.lang.Iterable.forEach(Iterable.java:75) ~[?:?]
	at net.minecraftforge.fml.VersionChecker$1.run(VersionChecker.java:114) ~[fmlcore-1.19.2-43.5.0.jar%23363!/:?]
Caused by: java.lang.IllegalStateException: Expected BEGIN_OBJECT but was STRING at line 1 column 1 path $
	at com.google.gson.stream.JsonReader.beginObject(JsonReader.java:384) ~[gson-2.8.9.jar%2376!/:?]
	at com.google.gson.internal.bind.MapTypeAdapterFactory$Adapter.read(MapTypeAdapterFactory.java:183) ~[gson-2.8.9.jar%2376!/:?]
	at com.google.gson.internal.bind.MapTypeAdapterFactory$Adapter.read(MapTypeAdapterFactory.java:145) ~[gson-2.8.9.jar%2376!/:?]
	at com.google.gson.Gson.fromJson(Gson.java:963) ~[gson-2.8.9.jar%2376!/:?]
	... 6 more
[21Nov2025 20:57:10.193] [Forge Version Check/INFO] [net.minecraftforge.fml.VersionChecker/]: [framework] Starting version check at https://mrcrayfish.com/modupdatejson?id=framework
[21Nov2025 20:57:10.225] [Forge Version Check/WARN] [net.minecraftforge.fml.VersionChecker/]: Failed to process update information
com.google.gson.JsonSyntaxException: java.lang.IllegalStateException: Expected BEGIN_OBJECT but was STRING at line 1 column 1 path $
	at com.google.gson.Gson.fromJson(Gson.java:975) ~[gson-2.8.9.jar%2376!/:?]
	at com.google.gson.Gson.fromJson(Gson.java:928) ~[gson-2.8.9.jar%2376!/:?]
	at com.google.gson.Gson.fromJson(Gson.java:877) ~[gson-2.8.9.jar%2376!/:?]
	at com.google.gson.Gson.fromJson(Gson.java:848) ~[gson-2.8.9.jar%2376!/:?]
	at net.minecraftforge.fml.VersionChecker$1.process(VersionChecker.java:183) ~[fmlcore-1.19.2-43.5.0.jar%23363!/:?]
	at java.lang.Iterable.forEach(Iterable.java:75) ~[?:?]
	at net.minecraftforge.fml.VersionChecker$1.run(VersionChecker.java:114) ~[fmlcore-1.19.2-43.5.0.jar%23363!/:?]
Caused by: java.lang.IllegalStateException: Expected BEGIN_OBJECT but was STRING at line 1 column 1 path $
	at com.google.gson.stream.JsonReader.beginObject(JsonReader.java:384) ~[gson-2.8.9.jar%2376!/:?]
	at com.google.gson.internal.bind.MapTypeAdapterFactory$Adapter.read(MapTypeAdapterFactory.java:183) ~[gson-2.8.9.jar%2376!/:?]
	at com.google.gson.internal.bind.MapTypeAdapterFactory$Adapter.read(MapTypeAdapterFactory.java:145) ~[gson-2.8.9.jar%2376!/:?]
	at com.google.gson.Gson.fromJson(Gson.java:963) ~[gson-2.8.9.jar%2376!/:?]
	... 6 more
[21Nov2025 20:57:10.226] [Forge Version Check/INFO] [net.minecraftforge.fml.VersionChecker/]: [scalinghealth] Starting version check at https://raw.githubusercontent.com/SilentChaos512/ScalingHealth/1.18/update.json
[21Nov2025 20:57:10.254] [Forge Version Check/INFO] [net.minecraftforge.fml.VersionChecker/]: [scalinghealth] Found status: BETA Current: 7.0.1+7 Target: null
[21Nov2025 20:57:10.254] [Forge Version Check/INFO] [net.minecraftforge.fml.VersionChecker/]: [clumps] Starting version check at https://updates.blamejared.com/get?n=clumps&gv=1.19.2
[21Nov2025 20:57:10.354] [Forge Version Check/INFO] [net.minecraftforge.fml.VersionChecker/]: [clumps] Found status: BETA Current: 9.0.0+14 Target: 9.0.0+14
[21Nov2025 20:57:10.354] [Forge Version Check/INFO] [net.minecraftforge.fml.VersionChecker/]: [journeymap] Starting version check at https://forge.curseupdate.com/32274/journeymap
[21Nov2025 20:57:10.522] [Forge Version Check/INFO] [net.minecraftforge.fml.VersionChecker/]: [journeymap] Found status: UP_TO_DATE Current: 5.9.8 Target: null
[21Nov2025 20:57:10.522] [Forge Version Check/INFO] [net.minecraftforge.fml.VersionChecker/]: [forge] Starting version check at https://files.minecraftforge.net/net/minecraftforge/forge/promotions_slim.json
[21Nov2025 20:57:10.717] [Forge Version Check/INFO] [net.minecraftforge.fml.VersionChecker/]: [forge] Found status: UP_TO_DATE Current: 43.5.0 Target: null
[21Nov2025 20:57:10.717] [Forge Version Check/INFO] [net.minecraftforge.fml.VersionChecker/]: [enchdesc] Starting version check at https://updates.blamejared.com/get?n=enchdesc&gv=1.19.2
[21Nov2025 20:57:10.814] [Forge Version Check/INFO] [net.minecraftforge.fml.VersionChecker/]: [enchdesc] Found status: BETA_OUTDATED Current: 13.0.14 Target: 13.0.20
[21Nov2025 20:57:10.814] [Forge Version Check/INFO] [net.minecraftforge.fml.VersionChecker/]: [silentlib] Starting version check at https://raw.githubusercontent.com/SilentChaos512/SilentLib/1.19.x/update.json
[21Nov2025 20:57:10.828] [Forge Version Check/INFO] [net.minecraftforge.fml.VersionChecker/]: [silentlib] Found status: BETA Current: 7.0.3 Target: null
[21Nov2025 20:57:10.831] [Forge Version Check/INFO] [net.minecraftforge.fml.VersionChecker/]: [iceberg] Starting version check at https://mc-update-check.anthonyhilyard.com/520110
[21Nov2025 20:57:10.878] [Forge Version Check/WARN] [net.minecraftforge.fml.VersionChecker/]: Failed to process update information
javax.net.ssl.SSLHandshakeException: PKIX path validation failed: java.security.cert.CertPathValidatorException: validity check failed
	at jdk.internal.net.http.HttpClientImpl.send(HttpClientImpl.java:579) ~[java.net.http:?]
	at jdk.internal.net.http.HttpClientFacade.send(HttpClientFacade.java:123) ~[java.net.http:?]
	at net.minecraftforge.fml.VersionChecker$1.openUrlString(VersionChecker.java:139) ~[fmlcore-1.19.2-43.5.0.jar%23363!/:?]
	at net.minecraftforge.fml.VersionChecker$1.process(VersionChecker.java:177) ~[fmlcore-1.19.2-43.5.0.jar%23363!/:?]
	at java.lang.Iterable.forEach(Iterable.java:75) ~[?:?]
	at net.minecraftforge.fml.VersionChecker$1.run(VersionChecker.java:114) ~[fmlcore-1.19.2-43.5.0.jar%23363!/:?]
Caused by: javax.net.ssl.SSLHandshakeException: PKIX path validation failed: java.security.cert.CertPathValidatorException: validity check failed
	at sun.security.ssl.Alert.createSSLException(Alert.java:131) ~[?:?]
	at sun.security.ssl.TransportContext.fatal(TransportContext.java:383) ~[?:?]
	at sun.security.ssl.TransportContext.fatal(TransportContext.java:326) ~[?:?]
	at sun.security.ssl.TransportContext.fatal(TransportContext.java:321) ~[?:?]
	at sun.security.ssl.CertificateMessage$T12CertificateConsumer.checkServerCerts(CertificateMessage.java:654) ~[?:?]
	at sun.security.ssl.CertificateMessage$T12CertificateConsumer.onCertificate(CertificateMessage.java:473) ~[?:?]
	at sun.security.ssl.CertificateMessage$T12CertificateConsumer.consume(CertificateMessage.java:369) ~[?:?]
	at sun.security.ssl.SSLHandshake.consume(SSLHandshake.java:396) ~[?:?]
	at sun.security.ssl.HandshakeContext.dispatch(HandshakeContext.java:480) ~[?:?]
	at sun.security.ssl.SSLEngineImpl$DelegatedTask$DelegatedAction.run(SSLEngineImpl.java:1277) ~[?:?]
	at sun.security.ssl.SSLEngineImpl$DelegatedTask$DelegatedAction.run(SSLEngineImpl.java:1264) ~[?:?]
	at java.security.AccessController.doPrivileged(AccessController.java:712) ~[?:?]
	at sun.security.ssl.SSLEngineImpl$DelegatedTask.run(SSLEngineImpl.java:1209) ~[?:?]
	at java.util.ArrayList.forEach(ArrayList.java:1511) ~[?:?]
	at jdk.internal.net.http.common.SSLFlowDelegate.lambda$executeTasks$3(SSLFlowDelegate.java:1132) ~[java.net.http:?]
	at jdk.internal.net.http.HttpClientImpl$DelegatingExecutor.execute(HttpClientImpl.java:158) ~[java.net.http:?]
	at jdk.internal.net.http.common.SSLFlowDelegate.executeTasks(SSLFlowDelegate.java:1127) ~[java.net.http:?]
	at jdk.internal.net.http.common.SSLFlowDelegate.doHandshake(SSLFlowDelegate.java:1093) ~[java.net.http:?]
	at jdk.internal.net.http.common.SSLFlowDelegate$Reader.processData(SSLFlowDelegate.java:498) ~[java.net.http:?]
	at jdk.internal.net.http.common.SSLFlowDelegate$Reader$ReaderDownstreamPusher.run(SSLFlowDelegate.java:282) ~[java.net.http:?]
	at jdk.internal.net.http.common.SequentialScheduler$LockingRestartableTask.run(SequentialScheduler.java:205) ~[java.net.http:?]
	at jdk.internal.net.http.common.SequentialScheduler$CompleteRestartableTask.run(SequentialScheduler.java:149) ~[java.net.http:?]
	at jdk.internal.net.http.common.SequentialScheduler$TryEndDeferredCompleter.complete(SequentialScheduler.java:347) ~[java.net.http:?]
	at jdk.internal.net.http.common.SequentialScheduler$CompleteRestartableTask.run(SequentialScheduler.java:151) ~[java.net.http:?]
	at jdk.internal.net.http.common.SequentialScheduler$SchedulableTask.run(SequentialScheduler.java:230) ~[java.net.http:?]
	at java.util.concurrent.ThreadPoolExecutor.runWorker(ThreadPoolExecutor.java:1136) ~[?:?]
	at java.util.concurrent.ThreadPoolExecutor$Worker.run(ThreadPoolExecutor.java:635) ~[?:?]
	at java.lang.Thread.run(Thread.java:840) ~[?:?]
Caused by: sun.security.validator.ValidatorException: PKIX path validation failed: java.security.cert.CertPathValidatorException: validity check failed
	at sun.security.validator.PKIXValidator.doValidate(PKIXValidator.java:369) ~[?:?]
	at sun.security.validator.PKIXValidator.engineValidate(PKIXValidator.java:275) ~[?:?]
	at sun.security.validator.Validator.validate(Validator.java:264) ~[?:?]
	at sun.security.ssl.X509TrustManagerImpl.checkTrusted(X509TrustManagerImpl.java:285) ~[?:?]
	at sun.security.ssl.X509TrustManagerImpl.checkServerTrusted(X509TrustManagerImpl.java:144) ~[?:?]
	at sun.security.ssl.CertificateMessage$T12CertificateConsumer.checkServerCerts(CertificateMessage.java:632) ~[?:?]
	at sun.security.ssl.CertificateMessage$T12CertificateConsumer.onCertificate(CertificateMessage.java:473) ~[?:?]
	at sun.security.ssl.CertificateMessage$T12CertificateConsumer.consume(CertificateMessage.java:369) ~[?:?]
	at sun.security.ssl.SSLHandshake.consume(SSLHandshake.java:396) ~[?:?]
	at sun.security.ssl.HandshakeContext.dispatch(HandshakeContext.java:480) ~[?:?]
	at sun.security.ssl.SSLEngineImpl$DelegatedTask$DelegatedAction.run(SSLEngineImpl.java:1277) ~[?:?]
	at sun.security.ssl.SSLEngineImpl$DelegatedTask$DelegatedAction.run(SSLEngineImpl.java:1264) ~[?:?]
	at java.security.AccessController.doPrivileged(AccessController.java:712) ~[?:?]
	at sun.security.ssl.SSLEngineImpl$DelegatedTask.run(SSLEngineImpl.java:1209) ~[?:?]
	at java.util.ArrayList.forEach(ArrayList.java:1511) ~[?:?]
	at jdk.internal.net.http.common.SSLFlowDelegate.lambda$executeTasks$3(SSLFlowDelegate.java:1132) ~[java.net.http:?]
	at jdk.internal.net.http.HttpClientImpl$DelegatingExecutor.execute(HttpClientImpl.java:158) ~[java.net.http:?]
	at jdk.internal.net.http.common.SSLFlowDelegate.executeTasks(SSLFlowDelegate.java:1127) ~[java.net.http:?]
	at jdk.internal.net.http.common.SSLFlowDelegate.doHandshake(SSLFlowDelegate.java:1093) ~[java.net.http:?]
	at jdk.internal.net.http.common.SSLFlowDelegate$Reader.processData(SSLFlowDelegate.java:498) ~[java.net.http:?]
	at jdk.internal.net.http.common.SSLFlowDelegate$Reader$ReaderDownstreamPusher.run(SSLFlowDelegate.java:282) ~[java.net.http:?]
	at jdk.internal.net.http.common.SequentialScheduler$LockingRestartableTask.run(SequentialScheduler.java:205) ~[java.net.http:?]
	at jdk.internal.net.http.common.SequentialScheduler$CompleteRestartableTask.run(SequentialScheduler.java:149) ~[java.net.http:?]
	at jdk.internal.net.http.common.SequentialScheduler$TryEndDeferredCompleter.complete(SequentialScheduler.java:347) ~[java.net.http:?]
	at jdk.internal.net.http.common.SequentialScheduler$CompleteRestartableTask.run(SequentialScheduler.java:151) ~[java.net.http:?]
	at jdk.internal.net.http.common.SequentialScheduler$SchedulableTask.run(SequentialScheduler.java:230) ~[java.net.http:?]
	at java.util.concurrent.ThreadPoolExecutor.runWorker(ThreadPoolExecutor.java:1136) ~[?:?]
	at java.util.concurrent.ThreadPoolExecutor$Worker.run(ThreadPoolExecutor.java:635) ~[?:?]
	at java.lang.Thread.run(Thread.java:840) ~[?:?]
Caused by: java.security.cert.CertPathValidatorException: validity check failed
	at sun.security.provider.certpath.PKIXMasterCertPathValidator.validate(PKIXMasterCertPathValidator.java:135) ~[?:?]
	at sun.security.provider.certpath.PKIXCertPathValidator.validate(PKIXCertPathValidator.java:224) ~[?:?]
	at sun.security.provider.certpath.PKIXCertPathValidator.validate(PKIXCertPathValidator.java:144) ~[?:?]
	at sun.security.provider.certpath.PKIXCertPathValidator.engineValidate(PKIXCertPathValidator.java:83) ~[?:?]
	at java.security.cert.CertPathValidator.validate(CertPathValidator.java:309) ~[?:?]
	at sun.security.validator.PKIXValidator.doValidate(PKIXValidator.java:364) ~[?:?]
	at sun.security.validator.PKIXValidator.engineValidate(PKIXValidator.java:275) ~[?:?]
	at sun.security.validator.Validator.validate(Validator.java:264) ~[?:?]
	at sun.security.ssl.X509TrustManagerImpl.checkTrusted(X509TrustManagerImpl.java:285) ~[?:?]
	at sun.security.ssl.X509TrustManagerImpl.checkServerTrusted(X509TrustManagerImpl.java:144) ~[?:?]
	at sun.security.ssl.CertificateMessage$T12CertificateConsumer.checkServerCerts(CertificateMessage.java:632) ~[?:?]
	at sun.security.ssl.CertificateMessage$T12CertificateConsumer.onCertificate(CertificateMessage.java:473) ~[?:?]
	at sun.security.ssl.CertificateMessage$T12CertificateConsumer.consume(CertificateMessage.java:369) ~[?:?]
	at sun.security.ssl.SSLHandshake.consume(SSLHandshake.java:396) ~[?:?]
	at sun.security.ssl.HandshakeContext.dispatch(HandshakeContext.java:480) ~[?:?]
	at sun.security.ssl.SSLEngineImpl$DelegatedTask$DelegatedAction.run(SSLEngineImpl.java:1277) ~[?:?]
	at sun.security.ssl.SSLEngineImpl$DelegatedTask$DelegatedAction.run(SSLEngineImpl.java:1264) ~[?:?]
	at java.security.AccessController.doPrivileged(AccessController.java:712) ~[?:?]
	at sun.security.ssl.SSLEngineImpl$DelegatedTask.run(SSLEngineImpl.java:1209) ~[?:?]
	at java.util.ArrayList.forEach(ArrayList.java:1511) ~[?:?]
	at jdk.internal.net.http.common.SSLFlowDelegate.lambda$executeTasks$3(SSLFlowDelegate.java:1132) ~[java.net.http:?]
	at jdk.internal.net.http.HttpClientImpl$DelegatingExecutor.execute(HttpClientImpl.java:158) ~[java.net.http:?]
	at jdk.internal.net.http.common.SSLFlowDelegate.executeTasks(SSLFlowDelegate.java:1127) ~[java.net.http:?]
	at jdk.internal.net.http.common.SSLFlowDelegate.doHandshake(SSLFlowDelegate.java:1093) ~[java.net.http:?]
	at jdk.internal.net.http.common.SSLFlowDelegate$Reader.processData(SSLFlowDelegate.java:498) ~[java.net.http:?]
	at jdk.internal.net.http.common.SSLFlowDelegate$Reader$ReaderDownstreamPusher.run(SSLFlowDelegate.java:282) ~[java.net.http:?]
	at jdk.internal.net.http.common.SequentialScheduler$LockingRestartableTask.run(SequentialScheduler.java:205) ~[java.net.http:?]
	at jdk.internal.net.http.common.SequentialScheduler$CompleteRestartableTask.run(SequentialScheduler.java:149) ~[java.net.http:?]
	at jdk.internal.net.http.common.SequentialScheduler$TryEndDeferredCompleter.complete(SequentialScheduler.java:347) ~[java.net.http:?]
	at jdk.internal.net.http.common.SequentialScheduler$CompleteRestartableTask.run(SequentialScheduler.java:151) ~[java.net.http:?]
	at jdk.internal.net.http.common.SequentialScheduler$SchedulableTask.run(SequentialScheduler.java:230) ~[java.net.http:?]
	at java.util.concurrent.ThreadPoolExecutor.runWorker(ThreadPoolExecutor.java:1136) ~[?:?]
	at java.util.concurrent.ThreadPoolExecutor$Worker.run(ThreadPoolExecutor.java:635) ~[?:?]
	at java.lang.Thread.run(Thread.java:840) ~[?:?]
Caused by: java.security.cert.CertificateExpiredException: NotAfter: Sat Sep 06 14:33:56 UTC 2025
	at sun.security.x509.CertificateValidity.valid(CertificateValidity.java:274) ~[?:?]
	at sun.security.x509.X509CertImpl.checkValidity(X509CertImpl.java:621) ~[?:?]
	at sun.security.provider.certpath.BasicChecker.verifyValidity(BasicChecker.java:190) ~[?:?]
	at sun.security.provider.certpath.BasicChecker.check(BasicChecker.java:144) ~[?:?]
	at sun.security.provider.certpath.PKIXMasterCertPathValidator.validate(PKIXMasterCertPathValidator.java:125) ~[?:?]
	at sun.security.provider.certpath.PKIXCertPathValidator.validate(PKIXCertPathValidator.java:224) ~[?:?]
	at sun.security.provider.certpath.PKIXCertPathValidator.validate(PKIXCertPathValidator.java:144) ~[?:?]
	at sun.security.provider.certpath.PKIXCertPathValidator.engineValidate(PKIXCertPathValidator.java:83) ~[?:?]
	at java.security.cert.CertPathValidator.validate(CertPathValidator.java:309) ~[?:?]
	at sun.security.validator.PKIXValidator.doValidate(PKIXValidator.java:364) ~[?:?]
	at sun.security.validator.PKIXValidator.engineValidate(PKIXValidator.java:275) ~[?:?]
	at sun.security.validator.Validator.validate(Validator.java:264) ~[?:?]
	at sun.security.ssl.X509TrustManagerImpl.checkTrusted(X509TrustManagerImpl.java:285) ~[?:?]
	at sun.security.ssl.X509TrustManagerImpl.checkServerTrusted(X509TrustManagerImpl.java:144) ~[?:?]
	at sun.security.ssl.CertificateMessage$T12CertificateConsumer.checkServerCerts(CertificateMessage.java:632) ~[?:?]
	at sun.security.ssl.CertificateMessage$T12CertificateConsumer.onCertificate(CertificateMessage.java:473) ~[?:?]
	at sun.security.ssl.CertificateMessage$T12CertificateConsumer.consume(CertificateMessage.java:369) ~[?:?]
	at sun.security.ssl.SSLHandshake.consume(SSLHandshake.java:396) ~[?:?]
	at sun.security.ssl.HandshakeContext.dispatch(HandshakeContext.java:480) ~[?:?]
	at sun.security.ssl.SSLEngineImpl$DelegatedTask$DelegatedAction.run(SSLEngineImpl.java:1277) ~[?:?]
	at sun.security.ssl.SSLEngineImpl$DelegatedTask$DelegatedAction.run(SSLEngineImpl.java:1264) ~[?:?]
	at java.security.AccessController.doPrivileged(AccessController.java:712) ~[?:?]
	at sun.security.ssl.SSLEngineImpl$DelegatedTask.run(SSLEngineImpl.java:1209) ~[?:?]
	at java.util.ArrayList.forEach(ArrayList.java:1511) ~[?:?]
	at jdk.internal.net.http.common.SSLFlowDelegate.lambda$executeTasks$3(SSLFlowDelegate.java:1132) ~[java.net.http:?]
	at jdk.internal.net.http.HttpClientImpl$DelegatingExecutor.execute(HttpClientImpl.java:158) ~[java.net.http:?]
	at jdk.internal.net.http.common.SSLFlowDelegate.executeTasks(SSLFlowDelegate.java:1127) ~[java.net.http:?]
	at jdk.internal.net.http.common.SSLFlowDelegate.doHandshake(SSLFlowDelegate.java:1093) ~[java.net.http:?]
	at jdk.internal.net.http.common.SSLFlowDelegate$Reader.processData(SSLFlowDelegate.java:498) ~[java.net.http:?]
	at jdk.internal.net.http.common.SSLFlowDelegate$Reader$ReaderDownstreamPusher.run(SSLFlowDelegate.java:282) ~[java.net.http:?]
	at jdk.internal.net.http.common.SequentialScheduler$LockingRestartableTask.run(SequentialScheduler.java:205) ~[java.net.http:?]
	at jdk.internal.net.http.common.SequentialScheduler$CompleteRestartableTask.run(SequentialScheduler.java:149) ~[java.net.http:?]
	at jdk.internal.net.http.common.SequentialScheduler$TryEndDeferredCompleter.complete(SequentialScheduler.java:347) ~[java.net.http:?]
	at jdk.internal.net.http.common.SequentialScheduler$CompleteRestartableTask.run(SequentialScheduler.java:151) ~[java.net.http:?]
	at jdk.internal.net.http.common.SequentialScheduler$SchedulableTask.run(SequentialScheduler.java:230) ~[java.net.http:?]
	at java.util.concurrent.ThreadPoolExecutor.runWorker(ThreadPoolExecutor.java:1136) ~[?:?]
	at java.util.concurrent.ThreadPoolExecutor$Worker.run(ThreadPoolExecutor.java:635) ~[?:?]
	at java.lang.Thread.run(Thread.java:840) ~[?:?]
[21Nov2025 20:57:10.883] [Forge Version Check/INFO] [net.minecraftforge.fml.VersionChecker/]: [securitycraft] Starting version check at https://www.github.com/Geforce132/SecurityCraft/raw/master/Updates/Forge.json
[21Nov2025 20:57:10.963] [Forge Version Check/INFO] [net.minecraftforge.fml.VersionChecker/]: [securitycraft] Found status: UP_TO_DATE Current: 1.9.6.1 Target: null
[21Nov2025 20:57:10.964] [Forge Version Check/INFO] [net.minecraftforge.fml.VersionChecker/]: [presencefootsteps] Starting version check at https://forge.curseupdate.com/433068/presencefootsteps
[21Nov2025 20:57:10.986] [Forge Version Check/INFO] [net.minecraftforge.fml.VersionChecker/]: [presencefootsteps] Found status: UP_TO_DATE Current: 1.19.2-1.6.4.1 Target: null
[21Nov2025 20:57:11.838] [main/INFO] [net.minecraftforge.coremod.CoreMod.apotheosis/COREMODLOG]: Replaced 2 calls to Enchantment#getMaxLevel() in net/minecraft/server/commands/EnchantCommand
[21Nov2025 20:57:12.042] [main/INFO] [Spartan Weaponry/]: Finished registering commands for Spartan Weaponry!
[21Nov2025 20:57:12.103] [main/INFO] [com.github.alexthe666.alexsmobs.AlexsMobs/]: Adding datapack listener capsid_recipes
[21Nov2025 20:57:13.280] [main/ERROR] [net.minecraft.world.item.crafting.RecipeManager/]: Parsing error loading recipe jeg:recycling_scar_l: com.google.gson.JsonSyntaxException: Unknown item 'jeg:scar_l'
[21Nov2025 20:57:13.282] [main/ERROR] [net.minecraft.world.item.crafting.RecipeManager/]: Parsing error loading recipe jeg:recycling_hk_g36: com.google.gson.JsonSyntaxException: Unknown item 'jeg:hk_g36'
[21Nov2025 20:57:13.301] [main/INFO] [net.minecraft.world.item.crafting.RecipeManager/]: Loaded 20 recipes
[21Nov2025 20:57:13.345] [main/ERROR] [Apotheosis : Adventure/]: Use of the "rarity" key in affix loot pool entries is deprecated and will be removed in a future release.
[21Nov2025 20:57:13.346] [main/ERROR] [Apotheosis : Adventure/]: Use of the "rarity" key in affix loot pool entries is deprecated and will be removed in a future release.
[21Nov2025 20:57:13.347] [main/ERROR] [Apotheosis : Adventure/]: Use of the "rarity" key in affix loot pool entries is deprecated and will be removed in a future release.
[21Nov2025 20:57:13.421] [main/INFO] [Spartan Weaponry/]: Adding Diamond Weapons to the End City Treasure Loot Table!
[21Nov2025 20:57:13.428] [main/INFO] [Spartan Weaponry/]: Adding Iron Weapons to the Village Weaponsmith Loot Table!
[21Nov2025 20:57:13.480] [main/INFO] [Spartan Weaponry/]: Adding Longbow and Heavy Crossbow related loot to the Village Fletcher Loot Table!
[21Nov2025 20:57:13.574] [main/WARN] [net.minecraft.world.level.storage.loot.LootTables/]: Found validation problem in {sons_of_sins:entities/prowler}.pools[0].entries[0].functions[1]: Parameters [<parameter minecraft:tool>] are not provided in this context
[21Nov2025 20:57:13.574] [main/WARN] [net.minecraft.world.level.storage.loot.LootTables/]: Found validation problem in {sons_of_sins:entities/butcher}.pools[0].entries[0].functions[1]: Parameters [<parameter minecraft:tool>] are not provided in this context
[21Nov2025 20:57:13.574] [main/WARN] [net.minecraft.world.level.storage.loot.LootTables/]: Found validation problem in {sons_of_sins:entities/walking_bed}.pools[0].entries[0].functions[1]: Parameters [<parameter minecraft:tool>] are not provided in this context
[21Nov2025 20:57:13.574] [main/WARN] [net.minecraft.world.level.storage.loot.LootTables/]: Found validation problem in {sons_of_sins:entities/blud}.pools[0].entries[0].functions[1]: Parameters [<parameter minecraft:tool>] are not provided in this context
[21Nov2025 20:57:13.575] [main/INFO] [placebo/]: Registered 31 additional loot tables.
[21Nov2025 20:57:13.576] [main/ERROR] [net.minecraft.server.ServerFunctionLibrary/]: Failed to load function spawnanimations:internal/entity/ehs/pehkui/hide
java.util.concurrent.CompletionException: java.lang.IllegalArgumentException: Whilst parsing command on line 4: Unknown or incomplete command, see below for error at position 0: <--[HERE]
	at java.util.concurrent.CompletableFuture.encodeThrowable(CompletableFuture.java:315) ~[?:?]
	at java.util.concurrent.CompletableFuture.completeThrowable(CompletableFuture.java:320) ~[?:?]
	at java.util.concurrent.CompletableFuture$AsyncSupply.run(CompletableFuture.java:1770) ~[?:?]
	at java.util.concurrent.CompletableFuture$AsyncSupply.exec(CompletableFuture.java:1760) ~[?:?]
	at java.util.concurrent.ForkJoinTask.doExec(ForkJoinTask.java:373) ~[?:?]
	at java.util.concurrent.ForkJoinPool$WorkQueue.topLevelExec(ForkJoinPool.java:1182) ~[?:?]
	at java.util.concurrent.ForkJoinPool.scan(ForkJoinPool.java:1655) ~[?:?]
	at java.util.concurrent.ForkJoinPool.runWorker(ForkJoinPool.java:1622) ~[?:?]
	at java.util.concurrent.ForkJoinWorkerThread.run(ForkJoinWorkerThread.java:165) ~[?:?]
Caused by: java.lang.IllegalArgumentException: Whilst parsing command on line 4: Unknown or incomplete command, see below for error at position 0: <--[HERE]
	at net.minecraft.commands.CommandFunction.m_77984_(CommandFunction.java:63) ~[server-1.19.2-20220805.130853-srg.jar%23362!/:?]
	at net.minecraft.server.ServerFunctionLibrary.m_214320_(ServerFunctionLibrary.java:85) ~[server-1.19.2-20220805.130853-srg.jar%23362!/:?]
	at java.util.concurrent.CompletableFuture$AsyncSupply.run(CompletableFuture.java:1768) ~[?:?]
	... 6 more
[21Nov2025 20:57:13.577] [main/ERROR] [net.minecraft.server.ServerFunctionLibrary/]: Failed to load function spawnanimations:internal/entity/ehs/pehkui/enderman/unhide
java.util.concurrent.CompletionException: java.lang.IllegalArgumentException: Whilst parsing command on line 4: Unknown or incomplete command, see below for error at position 0: <--[HERE]
	at java.util.concurrent.CompletableFuture.encodeThrowable(CompletableFuture.java:315) ~[?:?]
	at java.util.concurrent.CompletableFuture.completeThrowable(CompletableFuture.java:320) ~[?:?]
	at java.util.concurrent.CompletableFuture$AsyncSupply.run(CompletableFuture.java:1770) ~[?:?]
	at java.util.concurrent.CompletableFuture$AsyncSupply.exec(CompletableFuture.java:1760) ~[?:?]
	at java.util.concurrent.ForkJoinTask.doExec(ForkJoinTask.java:373) ~[?:?]
	at java.util.concurrent.ForkJoinPool$WorkQueue.topLevelExec(ForkJoinPool.java:1182) ~[?:?]
	at java.util.concurrent.ForkJoinPool.scan(ForkJoinPool.java:1655) ~[?:?]
	at java.util.concurrent.ForkJoinPool.runWorker(ForkJoinPool.java:1622) ~[?:?]
	at java.util.concurrent.ForkJoinWorkerThread.run(ForkJoinWorkerThread.java:165) ~[?:?]
Caused by: java.lang.IllegalArgumentException: Whilst parsing command on line 4: Unknown or incomplete command, see below for error at position 0: <--[HERE]
	at net.minecraft.commands.CommandFunction.m_77984_(CommandFunction.java:63) ~[server-1.19.2-20220805.130853-srg.jar%23362!/:?]
	at net.minecraft.server.ServerFunctionLibrary.m_214320_(ServerFunctionLibrary.java:85) ~[server-1.19.2-20220805.130853-srg.jar%23362!/:?]
	at java.util.concurrent.CompletableFuture$AsyncSupply.run(CompletableFuture.java:1768) ~[?:?]
	... 6 more
[21Nov2025 20:57:13.578] [main/ERROR] [net.minecraft.server.ServerFunctionLibrary/]: Failed to load function spawnanimations:internal/entity/trigger_damage/1_19_4
java.util.concurrent.CompletionException: java.lang.IllegalArgumentException: Whilst parsing command on line 4: Incorrect argument for command at position 8: execute <--[HERE]
	at java.util.concurrent.CompletableFuture.encodeThrowable(CompletableFuture.java:315) ~[?:?]
	at java.util.concurrent.CompletableFuture.completeThrowable(CompletableFuture.java:320) ~[?:?]
	at java.util.concurrent.CompletableFuture$AsyncSupply.run(CompletableFuture.java:1770) ~[?:?]
	at java.util.concurrent.CompletableFuture$AsyncSupply.exec(CompletableFuture.java:1760) ~[?:?]
	at java.util.concurrent.ForkJoinTask.doExec(ForkJoinTask.java:373) ~[?:?]
	at java.util.concurrent.ForkJoinPool$WorkQueue.topLevelExec(ForkJoinPool.java:1182) ~[?:?]
	at java.util.concurrent.ForkJoinPool.scan(ForkJoinPool.java:1655) ~[?:?]
	at java.util.concurrent.ForkJoinPool.runWorker(ForkJoinPool.java:1622) ~[?:?]
	at java.util.concurrent.ForkJoinWorkerThread.run(ForkJoinWorkerThread.java:165) ~[?:?]
Caused by: java.lang.IllegalArgumentException: Whilst parsing command on line 4: Incorrect argument for command at position 8: execute <--[HERE]
	at net.minecraft.commands.CommandFunction.m_77984_(CommandFunction.java:63) ~[server-1.19.2-20220805.130853-srg.jar%23362!/:?]
	at net.minecraft.server.ServerFunctionLibrary.m_214320_(ServerFunctionLibrary.java:85) ~[server-1.19.2-20220805.130853-srg.jar%23362!/:?]
	at java.util.concurrent.CompletableFuture$AsyncSupply.run(CompletableFuture.java:1768) ~[?:?]
	... 6 more
[21Nov2025 20:57:13.578] [main/ERROR] [net.minecraft.server.ServerFunctionLibrary/]: Failed to load function spawnanimations:internal/entity/ehs/pehkui/check_installed
java.util.concurrent.CompletionException: java.lang.IllegalArgumentException: Whilst parsing command on line 4: Unknown or incomplete command, see below for error at position 0: <--[HERE]
	at java.util.concurrent.CompletableFuture.encodeThrowable(CompletableFuture.java:315) ~[?:?]
	at java.util.concurrent.CompletableFuture.completeThrowable(CompletableFuture.java:320) ~[?:?]
	at java.util.concurrent.CompletableFuture$AsyncSupply.run(CompletableFuture.java:1770) ~[?:?]
	at java.util.concurrent.CompletableFuture$AsyncSupply.exec(CompletableFuture.java:1760) ~[?:?]
	at java.util.concurrent.ForkJoinTask.doExec(ForkJoinTask.java:373) ~[?:?]
	at java.util.concurrent.ForkJoinPool$WorkQueue.topLevelExec(ForkJoinPool.java:1182) ~[?:?]
	at java.util.concurrent.ForkJoinPool.scan(ForkJoinPool.java:1655) ~[?:?]
	at java.util.concurrent.ForkJoinPool.runWorker(ForkJoinPool.java:1622) ~[?:?]
	at java.util.concurrent.ForkJoinWorkerThread.run(ForkJoinWorkerThread.java:165) ~[?:?]
Caused by: java.lang.IllegalArgumentException: Whilst parsing command on line 4: Unknown or incomplete command, see below for error at position 0: <--[HERE]
	at net.minecraft.commands.CommandFunction.m_77984_(CommandFunction.java:63) ~[server-1.19.2-20220805.130853-srg.jar%23362!/:?]
	at net.minecraft.server.ServerFunctionLibrary.m_214320_(ServerFunctionLibrary.java:85) ~[server-1.19.2-20220805.130853-srg.jar%23362!/:?]
	at java.util.concurrent.CompletableFuture$AsyncSupply.run(CompletableFuture.java:1768) ~[?:?]
	... 6 more
[21Nov2025 20:57:13.579] [main/ERROR] [net.minecraft.server.ServerFunctionLibrary/]: Failed to load function watching:check
java.util.concurrent.CompletionException: java.lang.IllegalArgumentException: Whilst parsing command on line 1: Unknown or incomplete command, see below for error at position 0: <--[HERE]
	at java.util.concurrent.CompletableFuture.encodeThrowable(CompletableFuture.java:315) ~[?:?]
	at java.util.concurrent.CompletableFuture.completeThrowable(CompletableFuture.java:320) ~[?:?]
	at java.util.concurrent.CompletableFuture$AsyncSupply.run(CompletableFuture.java:1770) ~[?:?]
	at java.util.concurrent.CompletableFuture$AsyncSupply.exec(CompletableFuture.java:1760) ~[?:?]
	at java.util.concurrent.ForkJoinTask.doExec(ForkJoinTask.java:373) ~[?:?]
	at java.util.concurrent.ForkJoinPool$WorkQueue.topLevelExec(ForkJoinPool.java:1182) ~[?:?]
	at java.util.concurrent.ForkJoinPool.scan(ForkJoinPool.java:1655) ~[?:?]
	at java.util.concurrent.ForkJoinPool.runWorker(ForkJoinPool.java:1622) ~[?:?]
	at java.util.concurrent.ForkJoinWorkerThread.run(ForkJoinWorkerThread.java:165) ~[?:?]
Caused by: java.lang.IllegalArgumentException: Whilst parsing command on line 1: Unknown or incomplete command, see below for error at position 0: <--[HERE]
	at net.minecraft.commands.CommandFunction.m_77984_(CommandFunction.java:63) ~[server-1.19.2-20220805.130853-srg.jar%23362!/:?]
	at net.minecraft.server.ServerFunctionLibrary.m_214320_(ServerFunctionLibrary.java:85) ~[server-1.19.2-20220805.130853-srg.jar%23362!/:?]
	at java.util.concurrent.CompletableFuture$AsyncSupply.run(CompletableFuture.java:1768) ~[?:?]
	... 6 more
[21Nov2025 20:57:13.579] [main/ERROR] [net.minecraft.server.ServerFunctionLibrary/]: Failed to load function dynamiclights:internal/sources/parse/extension_1194
java.util.concurrent.CompletionException: java.lang.IllegalArgumentException: Whilst parsing command on line 3: Invalid or unknown entity type 'minecraft:item_display' at position 19: ...s @s[type=<--[HERE]
	at java.util.concurrent.CompletableFuture.encodeThrowable(CompletableFuture.java:315) ~[?:?]
	at java.util.concurrent.CompletableFuture.completeThrowable(CompletableFuture.java:320) ~[?:?]
	at java.util.concurrent.CompletableFuture$AsyncSupply.run(CompletableFuture.java:1770) ~[?:?]
	at java.util.concurrent.CompletableFuture$AsyncSupply.exec(CompletableFuture.java:1760) ~[?:?]
	at java.util.concurrent.ForkJoinTask.doExec(ForkJoinTask.java:373) ~[?:?]
	at java.util.concurrent.ForkJoinPool$WorkQueue.topLevelExec(ForkJoinPool.java:1182) ~[?:?]
	at java.util.concurrent.ForkJoinPool.scan(ForkJoinPool.java:1655) ~[?:?]
	at java.util.concurrent.ForkJoinPool.runWorker(ForkJoinPool.java:1622) ~[?:?]
	at java.util.concurrent.ForkJoinWorkerThread.run(ForkJoinWorkerThread.java:165) ~[?:?]
Caused by: java.lang.IllegalArgumentException: Whilst parsing command on line 3: Invalid or unknown entity type 'minecraft:item_display' at position 19: ...s @s[type=<--[HERE]
	at net.minecraft.commands.CommandFunction.m_77984_(CommandFunction.java:63) ~[server-1.19.2-20220805.130853-srg.jar%23362!/:?]
	at net.minecraft.server.ServerFunctionLibrary.m_214320_(ServerFunctionLibrary.java:85) ~[server-1.19.2-20220805.130853-srg.jar%23362!/:?]
	at java.util.concurrent.CompletableFuture$AsyncSupply.run(CompletableFuture.java:1768) ~[?:?]
	... 6 more
[21Nov2025 20:57:13.580] [main/ERROR] [net.minecraft.server.ServerFunctionLibrary/]: Failed to load function spawnanimations:internal/entity/ehs/pehkui/set_easing
java.util.concurrent.CompletionException: java.lang.IllegalArgumentException: Whilst parsing command on line 4: Unknown or incomplete command, see below for error at position 0: <--[HERE]
	at java.util.concurrent.CompletableFuture.encodeThrowable(CompletableFuture.java:315) ~[?:?]
	at java.util.concurrent.CompletableFuture.completeThrowable(CompletableFuture.java:320) ~[?:?]
	at java.util.concurrent.CompletableFuture$AsyncSupply.run(CompletableFuture.java:1770) ~[?:?]
	at java.util.concurrent.CompletableFuture$AsyncSupply.exec(CompletableFuture.java:1760) ~[?:?]
	at java.util.concurrent.ForkJoinTask.doExec(ForkJoinTask.java:373) ~[?:?]
	at java.util.concurrent.ForkJoinPool$WorkQueue.topLevelExec(ForkJoinPool.java:1182) ~[?:?]
	at java.util.concurrent.ForkJoinPool.scan(ForkJoinPool.java:1655) ~[?:?]
	at java.util.concurrent.ForkJoinPool.runWorker(ForkJoinPool.java:1622) ~[?:?]
	at java.util.concurrent.ForkJoinWorkerThread.run(ForkJoinWorkerThread.java:165) ~[?:?]
Caused by: java.lang.IllegalArgumentException: Whilst parsing command on line 4: Unknown or incomplete command, see below for error at position 0: <--[HERE]
	at net.minecraft.commands.CommandFunction.m_77984_(CommandFunction.java:63) ~[server-1.19.2-20220805.130853-srg.jar%23362!/:?]
	at net.minecraft.server.ServerFunctionLibrary.m_214320_(ServerFunctionLibrary.java:85) ~[server-1.19.2-20220805.130853-srg.jar%23362!/:?]
	at java.util.concurrent.CompletableFuture$AsyncSupply.run(CompletableFuture.java:1768) ~[?:?]
	... 6 more
[21Nov2025 20:57:13.580] [main/ERROR] [net.minecraft.server.ServerFunctionLibrary/]: Failed to load function dynamiclights:internal/water/rain_check_1194
java.util.concurrent.CompletionException: java.lang.IllegalArgumentException: Whilst parsing command on line 4: Incorrect argument for command at position 11: ...xecute if <--[HERE]
	at java.util.concurrent.CompletableFuture.encodeThrowable(CompletableFuture.java:315) ~[?:?]
	at java.util.concurrent.CompletableFuture.completeThrowable(CompletableFuture.java:320) ~[?:?]
	at java.util.concurrent.CompletableFuture$AsyncSupply.run(CompletableFuture.java:1770) ~[?:?]
	at java.util.concurrent.CompletableFuture$AsyncSupply.exec(CompletableFuture.java:1760) ~[?:?]
	at java.util.concurrent.ForkJoinTask.doExec(ForkJoinTask.java:373) ~[?:?]
	at java.util.concurrent.ForkJoinPool$WorkQueue.topLevelExec(ForkJoinPool.java:1182) ~[?:?]
	at java.util.concurrent.ForkJoinPool.scan(ForkJoinPool.java:1655) ~[?:?]
	at java.util.concurrent.ForkJoinPool.runWorker(ForkJoinPool.java:1622) ~[?:?]
	at java.util.concurrent.ForkJoinWorkerThread.run(ForkJoinWorkerThread.java:165) ~[?:?]
Caused by: java.lang.IllegalArgumentException: Whilst parsing command on line 4: Incorrect argument for command at position 11: ...xecute if <--[HERE]
	at net.minecraft.commands.CommandFunction.m_77984_(CommandFunction.java:63) ~[server-1.19.2-20220805.130853-srg.jar%23362!/:?]
	at net.minecraft.server.ServerFunctionLibrary.m_214320_(ServerFunctionLibrary.java:85) ~[server-1.19.2-20220805.130853-srg.jar%23362!/:?]
	at java.util.concurrent.CompletableFuture$AsyncSupply.run(CompletableFuture.java:1768) ~[?:?]
	... 6 more
[21Nov2025 20:57:13.581] [main/ERROR] [net.minecraft.server.ServerFunctionLibrary/]: Failed to load function spawnanimations:internal/entity/ehs/pehkui/unhide
java.util.concurrent.CompletionException: java.lang.IllegalArgumentException: Whilst parsing command on line 4: Unknown or incomplete command, see below for error at position 0: <--[HERE]
	at java.util.concurrent.CompletableFuture.encodeThrowable(CompletableFuture.java:315) ~[?:?]
	at java.util.concurrent.CompletableFuture.completeThrowable(CompletableFuture.java:320) ~[?:?]
	at java.util.concurrent.CompletableFuture$AsyncSupply.run(CompletableFuture.java:1770) ~[?:?]
	at java.util.concurrent.CompletableFuture$AsyncSupply.exec(CompletableFuture.java:1760) ~[?:?]
	at java.util.concurrent.ForkJoinTask.doExec(ForkJoinTask.java:373) ~[?:?]
	at java.util.concurrent.ForkJoinPool$WorkQueue.topLevelExec(ForkJoinPool.java:1182) ~[?:?]
	at java.util.concurrent.ForkJoinPool.scan(ForkJoinPool.java:1655) ~[?:?]
	at java.util.concurrent.ForkJoinPool.runWorker(ForkJoinPool.java:1622) ~[?:?]
	at java.util.concurrent.ForkJoinWorkerThread.run(ForkJoinWorkerThread.java:165) ~[?:?]
Caused by: java.lang.IllegalArgumentException: Whilst parsing command on line 4: Unknown or incomplete command, see below for error at position 0: <--[HERE]
	at net.minecraft.commands.CommandFunction.m_77984_(CommandFunction.java:63) ~[server-1.19.2-20220805.130853-srg.jar%23362!/:?]
	at net.minecraft.server.ServerFunctionLibrary.m_214320_(ServerFunctionLibrary.java:85) ~[server-1.19.2-20220805.130853-srg.jar%23362!/:?]
	at java.util.concurrent.CompletableFuture$AsyncSupply.run(CompletableFuture.java:1768) ~[?:?]
	... 6 more
[21Nov2025 20:57:13.581] [main/ERROR] [net.minecraft.server.ServerFunctionLibrary/]: Failed to load function spawnanimations:internal/entity/ehs/pehkui/enderman/hide
java.util.concurrent.CompletionException: java.lang.IllegalArgumentException: Whilst parsing command on line 4: Unknown or incomplete command, see below for error at position 0: <--[HERE]
	at java.util.concurrent.CompletableFuture.encodeThrowable(CompletableFuture.java:315) ~[?:?]
	at java.util.concurrent.CompletableFuture.completeThrowable(CompletableFuture.java:320) ~[?:?]
	at java.util.concurrent.CompletableFuture$AsyncSupply.run(CompletableFuture.java:1770) ~[?:?]
	at java.util.concurrent.CompletableFuture$AsyncSupply.exec(CompletableFuture.java:1760) ~[?:?]
	at java.util.concurrent.ForkJoinTask.doExec(ForkJoinTask.java:373) ~[?:?]
	at java.util.concurrent.ForkJoinPool$WorkQueue.topLevelExec(ForkJoinPool.java:1182) ~[?:?]
	at java.util.concurrent.ForkJoinPool.scan(ForkJoinPool.java:1655) ~[?:?]
	at java.util.concurrent.ForkJoinPool.runWorker(ForkJoinPool.java:1622) ~[?:?]
	at java.util.concurrent.ForkJoinWorkerThread.run(ForkJoinWorkerThread.java:165) ~[?:?]
Caused by: java.lang.IllegalArgumentException: Whilst parsing command on line 4: Unknown or incomplete command, see below for error at position 0: <--[HERE]
	at net.minecraft.commands.CommandFunction.m_77984_(CommandFunction.java:63) ~[server-1.19.2-20220805.130853-srg.jar%23362!/:?]
	at net.minecraft.server.ServerFunctionLibrary.m_214320_(ServerFunctionLibrary.java:85) ~[server-1.19.2-20220805.130853-srg.jar%23362!/:?]
	at java.util.concurrent.CompletableFuture$AsyncSupply.run(CompletableFuture.java:1768) ~[?:?]
	... 6 more
[21Nov2025 20:57:13.645] [main/ERROR] [net.minecraft.server.ServerAdvancementManager/]: Parsing error loading custom advancement spartanshields:recipes/spartanshields/basic_mekanists_basic_shield: Unknown item id 'mekanism:energy_tablet'
[21Nov2025 20:57:13.655] [main/ERROR] [net.minecraft.server.ServerAdvancementManager/]: Parsing error loading custom advancement man:thetear: Non [a-z0-9/._-] character in path of location: man:tearoftheman

[21Nov2025 20:57:13.667] [main/ERROR] [net.minecraft.server.ServerAdvancementManager/]: Parsing error loading custom advancement spartanshields:recipes/spartanshields/basic_mekanists_tower_shield: Unknown item id 'mekanism:energy_tablet'
[21Nov2025 20:57:13.786] [main/INFO] [net.minecraft.advancements.AdvancementList/]: Loaded 3449 advancements
[21Nov2025 20:57:13.798] [main/INFO] [placebo/]: Registered 27 additional recipes.
[21Nov2025 20:57:13.901] [main/INFO] [Apotheosis : Enchantment/]: Registered 29 enchanting_stats.
[21Nov2025 20:57:13.925] [main/INFO] [Apotheosis : Adventure/]: Registered 81 affixes.
[21Nov2025 20:57:13.938] [main/INFO] [Apotheosis : Adventure/]: Registered 19 gems.
[21Nov2025 20:57:13.939] [main/ERROR] [Apotheosis : Adventure/]: Failed to execute ShieldBreakerTest
java.lang.NullPointerException: Cannot invoke "net.minecraft.world.entity.LivingEntity.m_213824_()" because "attacker" is null
	at net.minecraftforge.common.extensions.IForgeItem.canDisableShield(IForgeItem.java:674) ~[forge-1.19.2-43.5.0-universal.jar%23367!/:?]
	at net.minecraftforge.common.extensions.IForgeItemStack.canDisableShield(IForgeItemStack.java:231) ~[forge-1.19.2-43.5.0-universal.jar%23367!/:?]
	at shadows.apotheosis.adventure.loot.ShieldBreakerTest.test(ShieldBreakerTest.java:48) ~[Apotheosis-1.19.2-6.5.2.jar%23234!/:6.5.2]
	at shadows.apotheosis.adventure.loot.ShieldBreakerTest.test(ShieldBreakerTest.java:25) ~[Apotheosis-1.19.2-6.5.2.jar%23234!/:6.5.2]
	at shadows.apotheosis.adventure.loot.LootCategory.isValid(LootCategory.java:89) ~[Apotheosis-1.19.2-6.5.2.jar%23234!/:6.5.2]
	at shadows.apotheosis.adventure.loot.LootCategory.forItem(LootCategory.java:182) ~[Apotheosis-1.19.2-6.5.2.jar%23234!/:6.5.2]
	at shadows.apotheosis.adventure.loot.AffixLootEntry.getType(AffixLootEntry.java:95) ~[Apotheosis-1.19.2-6.5.2.jar%23234!/:6.5.2]
	at shadows.apotheosis.adventure.loot.AffixLootManager.validateItem(AffixLootManager.java:28) ~[Apotheosis-1.19.2-6.5.2.jar%23234!/:6.5.2]
	at shadows.apotheosis.adventure.loot.AffixLootManager.validateItem(AffixLootManager.java:11) ~[Apotheosis-1.19.2-6.5.2.jar%23234!/:6.5.2]
	at shadows.placebo.json.PlaceboJsonReloadListener.register(PlaceboJsonReloadListener.java:184) ~[Placebo-1.19.2-7.4.1.jar%23317!/:7.4.1]
	at shadows.placebo.json.WeightedJsonReloadListener.register(WeightedJsonReloadListener.java:47) ~[Placebo-1.19.2-7.4.1.jar%23317!/:7.4.1]
	at shadows.placebo.json.PlaceboJsonReloadListener.lambda$apply$0(PlaceboJsonReloadListener.java:105) ~[Placebo-1.19.2-7.4.1.jar%23317!/:7.4.1]
	at java.util.HashMap.forEach(HashMap.java:1421) ~[?:?]
	at shadows.placebo.json.PlaceboJsonReloadListener.apply(PlaceboJsonReloadListener.java:91) ~[Placebo-1.19.2-7.4.1.jar%23317!/:7.4.1]
	at shadows.placebo.json.PlaceboJsonReloadListener.m_5787_(PlaceboJsonReloadListener.java:47) ~[Placebo-1.19.2-7.4.1.jar%23317!/:7.4.1]
	at net.minecraft.server.packs.resources.SimplePreparableReloadListener.m_10789_(SimplePreparableReloadListener.java:13) ~[server-1.19.2-20220805.130853-srg.jar%23362!/:?]
	at java.util.concurrent.CompletableFuture$UniAccept.tryFire(CompletableFuture.java:718) ~[?:?]
	at java.util.concurrent.CompletableFuture$Completion.run(CompletableFuture.java:482) ~[?:?]
	at net.minecraft.server.packs.resources.SimpleReloadInstance.m_143940_(SimpleReloadInstance.java:69) ~[server-1.19.2-20220805.130853-srg.jar%23362!/:?]
	at net.minecraft.Util.m_214652_(Util.java:781) ~[server-1.19.2-20220805.130853-srg.jar%23362!/:?]
	at net.minecraft.Util.m_214679_(Util.java:770) ~[server-1.19.2-20220805.130853-srg.jar%23362!/:?]
	at net.minecraft.server.Main.main(Main.java:157) ~[server-1.19.2-20220805.130853-srg.jar%23362!/:?]
	at jdk.internal.reflect.NativeMethodAccessorImpl.invoke0(Native Method) ~[?:?]
	at jdk.internal.reflect.NativeMethodAccessorImpl.invoke(NativeMethodAccessorImpl.java:77) ~[?:?]
	at jdk.internal.reflect.DelegatingMethodAccessorImpl.invoke(DelegatingMethodAccessorImpl.java:43) ~[?:?]
	at java.lang.reflect.Method.invoke(Method.java:569) ~[?:?]
	at net.minecraftforge.fml.loading.targets.CommonServerLaunchHandler.lambda$launchService$0(CommonServerLaunchHandler.java:29) ~[fmlloader-1.19.2-43.5.0.jar%2373!/:?]
	at cpw.mods.modlauncher.LaunchServiceHandlerDecorator.launch(LaunchServiceHandlerDecorator.java:30) ~[modlauncher-10.0.8.jar%2355!/:?]
	at cpw.mods.modlauncher.LaunchServiceHandler.launch(LaunchServiceHandler.java:53) ~[modlauncher-10.0.8.jar%2355!/:?]
	at cpw.mods.modlauncher.LaunchServiceHandler.launch(LaunchServiceHandler.java:71) ~[modlauncher-10.0.8.jar%2355!/:?]
	at cpw.mods.modlauncher.Launcher.run(Launcher.java:106) ~[modlauncher-10.0.8.jar%2355!/:?]
	at cpw.mods.modlauncher.Launcher.main(Launcher.java:77) ~[modlauncher-10.0.8.jar%2355!/:?]
	at cpw.mods.modlauncher.BootstrapLaunchConsumer.accept(BootstrapLaunchConsumer.java:26) ~[modlauncher-10.0.8.jar%2355!/:?]
	at cpw.mods.modlauncher.BootstrapLaunchConsumer.accept(BootstrapLaunchConsumer.java:23) ~[modlauncher-10.0.8.jar%2355!/:?]
	at cpw.mods.bootstraplauncher.BootstrapLauncher.main(BootstrapLauncher.java:141) ~[bootstraplauncher-1.1.2.jar:?]
[21Nov2025 20:57:13.942] [main/ERROR] [Apotheosis : Adventure/]: Failed to execute ShieldBreakerTest
java.lang.NullPointerException: Cannot invoke "net.minecraft.world.entity.LivingEntity.m_213824_()" because "attacker" is null
	at net.minecraftforge.common.extensions.IForgeItem.canDisableShield(IForgeItem.java:674) ~[forge-1.19.2-43.5.0-universal.jar%23367!/:?]
	at net.minecraftforge.common.extensions.IForgeItemStack.canDisableShield(IForgeItemStack.java:231) ~[forge-1.19.2-43.5.0-universal.jar%23367!/:?]
	at shadows.apotheosis.adventure.loot.ShieldBreakerTest.test(ShieldBreakerTest.java:48) ~[Apotheosis-1.19.2-6.5.2.jar%23234!/:6.5.2]
	at shadows.apotheosis.adventure.loot.ShieldBreakerTest.test(ShieldBreakerTest.java:25) ~[Apotheosis-1.19.2-6.5.2.jar%23234!/:6.5.2]
	at shadows.apotheosis.adventure.loot.LootCategory.isValid(LootCategory.java:89) ~[Apotheosis-1.19.2-6.5.2.jar%23234!/:6.5.2]
	at shadows.apotheosis.adventure.loot.LootCategory.forItem(LootCategory.java:182) ~[Apotheosis-1.19.2-6.5.2.jar%23234!/:6.5.2]
	at shadows.apotheosis.adventure.loot.AffixLootEntry.getType(AffixLootEntry.java:95) ~[Apotheosis-1.19.2-6.5.2.jar%23234!/:6.5.2]
	at shadows.apotheosis.adventure.loot.AffixLootManager.validateItem(AffixLootManager.java:28) ~[Apotheosis-1.19.2-6.5.2.jar%23234!/:6.5.2]
	at shadows.apotheosis.adventure.loot.AffixLootManager.validateItem(AffixLootManager.java:11) ~[Apotheosis-1.19.2-6.5.2.jar%23234!/:6.5.2]
	at shadows.placebo.json.PlaceboJsonReloadListener.register(PlaceboJsonReloadListener.java:184) ~[Placebo-1.19.2-7.4.1.jar%23317!/:7.4.1]
	at shadows.placebo.json.WeightedJsonReloadListener.register(WeightedJsonReloadListener.java:47) ~[Placebo-1.19.2-7.4.1.jar%23317!/:7.4.1]
	at shadows.placebo.json.PlaceboJsonReloadListener.lambda$apply$0(PlaceboJsonReloadListener.java:105) ~[Placebo-1.19.2-7.4.1.jar%23317!/:7.4.1]
	at java.util.HashMap.forEach(HashMap.java:1421) ~[?:?]
	at shadows.placebo.json.PlaceboJsonReloadListener.apply(PlaceboJsonReloadListener.java:91) ~[Placebo-1.19.2-7.4.1.jar%23317!/:7.4.1]
	at shadows.placebo.json.PlaceboJsonReloadListener.m_5787_(PlaceboJsonReloadListener.java:47) ~[Placebo-1.19.2-7.4.1.jar%23317!/:7.4.1]
	at net.minecraft.server.packs.resources.SimplePreparableReloadListener.m_10789_(SimplePreparableReloadListener.java:13) ~[server-1.19.2-20220805.130853-srg.jar%23362!/:?]
	at java.util.concurrent.CompletableFuture$UniAccept.tryFire(CompletableFuture.java:718) ~[?:?]
	at java.util.concurrent.CompletableFuture$Completion.run(CompletableFuture.java:482) ~[?:?]
	at net.minecraft.server.packs.resources.SimpleReloadInstance.m_143940_(SimpleReloadInstance.java:69) ~[server-1.19.2-20220805.130853-srg.jar%23362!/:?]
	at net.minecraft.Util.m_214652_(Util.java:781) ~[server-1.19.2-20220805.130853-srg.jar%23362!/:?]
	at net.minecraft.Util.m_214679_(Util.java:770) ~[server-1.19.2-20220805.130853-srg.jar%23362!/:?]
	at net.minecraft.server.Main.main(Main.java:157) ~[server-1.19.2-20220805.130853-srg.jar%23362!/:?]
	at jdk.internal.reflect.NativeMethodAccessorImpl.invoke0(Native Method) ~[?:?]
	at jdk.internal.reflect.NativeMethodAccessorImpl.invoke(NativeMethodAccessorImpl.java:77) ~[?:?]
	at jdk.internal.reflect.DelegatingMethodAccessorImpl.invoke(DelegatingMethodAccessorImpl.java:43) ~[?:?]
	at java.lang.reflect.Method.invoke(Method.java:569) ~[?:?]
	at net.minecraftforge.fml.loading.targets.CommonServerLaunchHandler.lambda$launchService$0(CommonServerLaunchHandler.java:29) ~[fmlloader-1.19.2-43.5.0.jar%2373!/:?]
	at cpw.mods.modlauncher.LaunchServiceHandlerDecorator.launch(LaunchServiceHandlerDecorator.java:30) ~[modlauncher-10.0.8.jar%2355!/:?]
	at cpw.mods.modlauncher.LaunchServiceHandler.launch(LaunchServiceHandler.java:53) ~[modlauncher-10.0.8.jar%2355!/:?]
	at cpw.mods.modlauncher.LaunchServiceHandler.launch(LaunchServiceHandler.java:71) ~[modlauncher-10.0.8.jar%2355!/:?]
	at cpw.mods.modlauncher.Launcher.run(Launcher.java:106) ~[modlauncher-10.0.8.jar%2355!/:?]
	at cpw.mods.modlauncher.Launcher.main(Launcher.java:77) ~[modlauncher-10.0.8.jar%2355!/:?]
	at cpw.mods.modlauncher.BootstrapLaunchConsumer.accept(BootstrapLaunchConsumer.java:26) ~[modlauncher-10.0.8.jar%2355!/:?]
	at cpw.mods.modlauncher.BootstrapLaunchConsumer.accept(BootstrapLaunchConsumer.java:23) ~[modlauncher-10.0.8.jar%2355!/:?]
	at cpw.mods.bootstraplauncher.BootstrapLauncher.main(BootstrapLauncher.java:141) ~[bootstraplauncher-1.1.2.jar:?]
[21Nov2025 20:57:13.944] [main/ERROR] [Apotheosis : Adventure/]: Failed to execute ShieldBreakerTest
java.lang.NullPointerException: Cannot invoke "net.minecraft.world.entity.LivingEntity.m_213824_()" because "attacker" is null
	at net.minecraftforge.common.extensions.IForgeItem.canDisableShield(IForgeItem.java:674) ~[forge-1.19.2-43.5.0-universal.jar%23367!/:?]
	at net.minecraftforge.common.extensions.IForgeItemStack.canDisableShield(IForgeItemStack.java:231) ~[forge-1.19.2-43.5.0-universal.jar%23367!/:?]
	at shadows.apotheosis.adventure.loot.ShieldBreakerTest.test(ShieldBreakerTest.java:48) ~[Apotheosis-1.19.2-6.5.2.jar%23234!/:6.5.2]
	at shadows.apotheosis.adventure.loot.ShieldBreakerTest.test(ShieldBreakerTest.java:25) ~[Apotheosis-1.19.2-6.5.2.jar%23234!/:6.5.2]
	at shadows.apotheosis.adventure.loot.LootCategory.isValid(LootCategory.java:89) ~[Apotheosis-1.19.2-6.5.2.jar%23234!/:6.5.2]
	at shadows.apotheosis.adventure.loot.LootCategory.forItem(LootCategory.java:182) ~[Apotheosis-1.19.2-6.5.2.jar%23234!/:6.5.2]
	at shadows.apotheosis.adventure.loot.AffixLootEntry.getType(AffixLootEntry.java:95) ~[Apotheosis-1.19.2-6.5.2.jar%23234!/:6.5.2]
	at shadows.apotheosis.adventure.loot.AffixLootManager.validateItem(AffixLootManager.java:28) ~[Apotheosis-1.19.2-6.5.2.jar%23234!/:6.5.2]
	at shadows.apotheosis.adventure.loot.AffixLootManager.validateItem(AffixLootManager.java:11) ~[Apotheosis-1.19.2-6.5.2.jar%23234!/:6.5.2]
	at shadows.placebo.json.PlaceboJsonReloadListener.register(PlaceboJsonReloadListener.java:184) ~[Placebo-1.19.2-7.4.1.jar%23317!/:7.4.1]
	at shadows.placebo.json.WeightedJsonReloadListener.register(WeightedJsonReloadListener.java:47) ~[Placebo-1.19.2-7.4.1.jar%23317!/:7.4.1]
	at shadows.placebo.json.PlaceboJsonReloadListener.lambda$apply$0(PlaceboJsonReloadListener.java:105) ~[Placebo-1.19.2-7.4.1.jar%23317!/:7.4.1]
	at java.util.HashMap.forEach(HashMap.java:1421) ~[?:?]
	at shadows.placebo.json.PlaceboJsonReloadListener.apply(PlaceboJsonReloadListener.java:91) ~[Placebo-1.19.2-7.4.1.jar%23317!/:7.4.1]
	at shadows.placebo.json.PlaceboJsonReloadListener.m_5787_(PlaceboJsonReloadListener.java:47) ~[Placebo-1.19.2-7.4.1.jar%23317!/:7.4.1]
	at net.minecraft.server.packs.resources.SimplePreparableReloadListener.m_10789_(SimplePreparableReloadListener.java:13) ~[server-1.19.2-20220805.130853-srg.jar%23362!/:?]
	at java.util.concurrent.CompletableFuture$UniAccept.tryFire(CompletableFuture.java:718) ~[?:?]
	at java.util.concurrent.CompletableFuture$Completion.run(CompletableFuture.java:482) ~[?:?]
	at net.minecraft.server.packs.resources.SimpleReloadInstance.m_143940_(SimpleReloadInstance.java:69) ~[server-1.19.2-20220805.130853-srg.jar%23362!/:?]
	at net.minecraft.Util.m_214652_(Util.java:781) ~[server-1.19.2-20220805.130853-srg.jar%23362!/:?]
	at net.minecraft.Util.m_214679_(Util.java:770) ~[server-1.19.2-20220805.130853-srg.jar%23362!/:?]
	at net.minecraft.server.Main.main(Main.java:157) ~[server-1.19.2-20220805.130853-srg.jar%23362!/:?]
	at jdk.internal.reflect.NativeMethodAccessorImpl.invoke0(Native Method) ~[?:?]
	at jdk.internal.reflect.NativeMethodAccessorImpl.invoke(NativeMethodAccessorImpl.java:77) ~[?:?]
	at jdk.internal.reflect.DelegatingMethodAccessorImpl.invoke(DelegatingMethodAccessorImpl.java:43) ~[?:?]
	at java.lang.reflect.Method.invoke(Method.java:569) ~[?:?]
	at net.minecraftforge.fml.loading.targets.CommonServerLaunchHandler.lambda$launchService$0(CommonServerLaunchHandler.java:29) ~[fmlloader-1.19.2-43.5.0.jar%2373!/:?]
	at cpw.mods.modlauncher.LaunchServiceHandlerDecorator.launch(LaunchServiceHandlerDecorator.java:30) ~[modlauncher-10.0.8.jar%2355!/:?]
	at cpw.mods.modlauncher.LaunchServiceHandler.launch(LaunchServiceHandler.java:53) ~[modlauncher-10.0.8.jar%2355!/:?]
	at cpw.mods.modlauncher.LaunchServiceHandler.launch(LaunchServiceHandler.java:71) ~[modlauncher-10.0.8.jar%2355!/:?]
	at cpw.mods.modlauncher.Launcher.run(Launcher.java:106) ~[modlauncher-10.0.8.jar%2355!/:?]
	at cpw.mods.modlauncher.Launcher.main(Launcher.java:77) ~[modlauncher-10.0.8.jar%2355!/:?]
	at cpw.mods.modlauncher.BootstrapLaunchConsumer.accept(BootstrapLaunchConsumer.java:26) ~[modlauncher-10.0.8.jar%2355!/:?]
	at cpw.mods.modlauncher.BootstrapLaunchConsumer.accept(BootstrapLaunchConsumer.java:23) ~[modlauncher-10.0.8.jar%2355!/:?]
	at cpw.mods.bootstraplauncher.BootstrapLauncher.main(BootstrapLauncher.java:141) ~[bootstraplauncher-1.1.2.jar:?]
[21Nov2025 20:57:13.947] [main/ERROR] [Apotheosis : Adventure/]: Failed to execute ShieldBreakerTest
java.lang.NullPointerException: Cannot invoke "net.minecraft.world.entity.LivingEntity.m_213824_()" because "attacker" is null
	at net.minecraftforge.common.extensions.IForgeItem.canDisableShield(IForgeItem.java:674) ~[forge-1.19.2-43.5.0-universal.jar%23367!/:?]
	at net.minecraftforge.common.extensions.IForgeItemStack.canDisableShield(IForgeItemStack.java:231) ~[forge-1.19.2-43.5.0-universal.jar%23367!/:?]
	at shadows.apotheosis.adventure.loot.ShieldBreakerTest.test(ShieldBreakerTest.java:48) ~[Apotheosis-1.19.2-6.5.2.jar%23234!/:6.5.2]
	at shadows.apotheosis.adventure.loot.ShieldBreakerTest.test(ShieldBreakerTest.java:25) ~[Apotheosis-1.19.2-6.5.2.jar%23234!/:6.5.2]
	at shadows.apotheosis.adventure.loot.LootCategory.isValid(LootCategory.java:89) ~[Apotheosis-1.19.2-6.5.2.jar%23234!/:6.5.2]
	at shadows.apotheosis.adventure.loot.LootCategory.forItem(LootCategory.java:182) ~[Apotheosis-1.19.2-6.5.2.jar%23234!/:6.5.2]
	at shadows.apotheosis.adventure.loot.AffixLootEntry.getType(AffixLootEntry.java:95) ~[Apotheosis-1.19.2-6.5.2.jar%23234!/:6.5.2]
	at shadows.apotheosis.adventure.loot.AffixLootManager.validateItem(AffixLootManager.java:28) ~[Apotheosis-1.19.2-6.5.2.jar%23234!/:6.5.2]
	at shadows.apotheosis.adventure.loot.AffixLootManager.validateItem(AffixLootManager.java:11) ~[Apotheosis-1.19.2-6.5.2.jar%23234!/:6.5.2]
	at shadows.placebo.json.PlaceboJsonReloadListener.register(PlaceboJsonReloadListener.java:184) ~[Placebo-1.19.2-7.4.1.jar%23317!/:7.4.1]
	at shadows.placebo.json.WeightedJsonReloadListener.register(WeightedJsonReloadListener.java:47) ~[Placebo-1.19.2-7.4.1.jar%23317!/:7.4.1]
	at shadows.placebo.json.PlaceboJsonReloadListener.lambda$apply$0(PlaceboJsonReloadListener.java:105) ~[Placebo-1.19.2-7.4.1.jar%23317!/:7.4.1]
	at java.util.HashMap.forEach(HashMap.java:1421) ~[?:?]
	at shadows.placebo.json.PlaceboJsonReloadListener.apply(PlaceboJsonReloadListener.java:91) ~[Placebo-1.19.2-7.4.1.jar%23317!/:7.4.1]
	at shadows.placebo.json.PlaceboJsonReloadListener.m_5787_(PlaceboJsonReloadListener.java:47) ~[Placebo-1.19.2-7.4.1.jar%23317!/:7.4.1]
	at net.minecraft.server.packs.resources.SimplePreparableReloadListener.m_10789_(SimplePreparableReloadListener.java:13) ~[server-1.19.2-20220805.130853-srg.jar%23362!/:?]
	at java.util.concurrent.CompletableFuture$UniAccept.tryFire(CompletableFuture.java:718) ~[?:?]
	at java.util.concurrent.CompletableFuture$Completion.run(CompletableFuture.java:482) ~[?:?]
	at net.minecraft.server.packs.resources.SimpleReloadInstance.m_143940_(SimpleReloadInstance.java:69) ~[server-1.19.2-20220805.130853-srg.jar%23362!/:?]
	at net.minecraft.Util.m_214652_(Util.java:781) ~[server-1.19.2-20220805.130853-srg.jar%23362!/:?]
	at net.minecraft.Util.m_214679_(Util.java:770) ~[server-1.19.2-20220805.130853-srg.jar%23362!/:?]
	at net.minecraft.server.Main.main(Main.java:157) ~[server-1.19.2-20220805.130853-srg.jar%23362!/:?]
	at jdk.internal.reflect.NativeMethodAccessorImpl.invoke0(Native Method) ~[?:?]
	at jdk.internal.reflect.NativeMethodAccessorImpl.invoke(NativeMethodAccessorImpl.java:77) ~[?:?]
	at jdk.internal.reflect.DelegatingMethodAccessorImpl.invoke(DelegatingMethodAccessorImpl.java:43) ~[?:?]
	at java.lang.reflect.Method.invoke(Method.java:569) ~[?:?]
	at net.minecraftforge.fml.loading.targets.CommonServerLaunchHandler.lambda$launchService$0(CommonServerLaunchHandler.java:29) ~[fmlloader-1.19.2-43.5.0.jar%2373!/:?]
	at cpw.mods.modlauncher.LaunchServiceHandlerDecorator.launch(LaunchServiceHandlerDecorator.java:30) ~[modlauncher-10.0.8.jar%2355!/:?]
	at cpw.mods.modlauncher.LaunchServiceHandler.launch(LaunchServiceHandler.java:53) ~[modlauncher-10.0.8.jar%2355!/:?]
	at cpw.mods.modlauncher.LaunchServiceHandler.launch(LaunchServiceHandler.java:71) ~[modlauncher-10.0.8.jar%2355!/:?]
	at cpw.mods.modlauncher.Launcher.run(Launcher.java:106) ~[modlauncher-10.0.8.jar%2355!/:?]
	at cpw.mods.modlauncher.Launcher.main(Launcher.java:77) ~[modlauncher-10.0.8.jar%2355!/:?]
	at cpw.mods.modlauncher.BootstrapLaunchConsumer.accept(BootstrapLaunchConsumer.java:26) ~[modlauncher-10.0.8.jar%2355!/:?]
	at cpw.mods.modlauncher.BootstrapLaunchConsumer.accept(BootstrapLaunchConsumer.java:23) ~[modlauncher-10.0.8.jar%2355!/:?]
	at cpw.mods.bootstraplauncher.BootstrapLauncher.main(BootstrapLauncher.java:141) ~[bootstraplauncher-1.1.2.jar:?]
[21Nov2025 20:57:13.950] [main/ERROR] [Apotheosis : Adventure/]: Failed to execute ShieldBreakerTest
java.lang.NullPointerException: Cannot invoke "net.minecraft.world.entity.LivingEntity.m_213824_()" because "attacker" is null
	at net.minecraftforge.common.extensions.IForgeItem.canDisableShield(IForgeItem.java:674) ~[forge-1.19.2-43.5.0-universal.jar%23367!/:?]
	at net.minecraftforge.common.extensions.IForgeItemStack.canDisableShield(IForgeItemStack.java:231) ~[forge-1.19.2-43.5.0-universal.jar%23367!/:?]
	at shadows.apotheosis.adventure.loot.ShieldBreakerTest.test(ShieldBreakerTest.java:48) ~[Apotheosis-1.19.2-6.5.2.jar%23234!/:6.5.2]
	at shadows.apotheosis.adventure.loot.ShieldBreakerTest.test(ShieldBreakerTest.java:25) ~[Apotheosis-1.19.2-6.5.2.jar%23234!/:6.5.2]
	at shadows.apotheosis.adventure.loot.LootCategory.isValid(LootCategory.java:89) ~[Apotheosis-1.19.2-6.5.2.jar%23234!/:6.5.2]
	at shadows.apotheosis.adventure.loot.LootCategory.forItem(LootCategory.java:182) ~[Apotheosis-1.19.2-6.5.2.jar%23234!/:6.5.2]
	at shadows.apotheosis.adventure.loot.AffixLootEntry.getType(AffixLootEntry.java:95) ~[Apotheosis-1.19.2-6.5.2.jar%23234!/:6.5.2]
	at shadows.apotheosis.adventure.loot.AffixLootManager.validateItem(AffixLootManager.java:28) ~[Apotheosis-1.19.2-6.5.2.jar%23234!/:6.5.2]
	at shadows.apotheosis.adventure.loot.AffixLootManager.validateItem(AffixLootManager.java:11) ~[Apotheosis-1.19.2-6.5.2.jar%23234!/:6.5.2]
	at shadows.placebo.json.PlaceboJsonReloadListener.register(PlaceboJsonReloadListener.java:184) ~[Placebo-1.19.2-7.4.1.jar%23317!/:7.4.1]
	at shadows.placebo.json.WeightedJsonReloadListener.register(WeightedJsonReloadListener.java:47) ~[Placebo-1.19.2-7.4.1.jar%23317!/:7.4.1]
	at shadows.placebo.json.PlaceboJsonReloadListener.lambda$apply$0(PlaceboJsonReloadListener.java:105) ~[Placebo-1.19.2-7.4.1.jar%23317!/:7.4.1]
	at java.util.HashMap.forEach(HashMap.java:1421) ~[?:?]
	at shadows.placebo.json.PlaceboJsonReloadListener.apply(PlaceboJsonReloadListener.java:91) ~[Placebo-1.19.2-7.4.1.jar%23317!/:7.4.1]
	at shadows.placebo.json.PlaceboJsonReloadListener.m_5787_(PlaceboJsonReloadListener.java:47) ~[Placebo-1.19.2-7.4.1.jar%23317!/:7.4.1]
	at net.minecraft.server.packs.resources.SimplePreparableReloadListener.m_10789_(SimplePreparableReloadListener.java:13) ~[server-1.19.2-20220805.130853-srg.jar%23362!/:?]
	at java.util.concurrent.CompletableFuture$UniAccept.tryFire(CompletableFuture.java:718) ~[?:?]
	at java.util.concurrent.CompletableFuture$Completion.run(CompletableFuture.java:482) ~[?:?]
	at net.minecraft.server.packs.resources.SimpleReloadInstance.m_143940_(SimpleReloadInstance.java:69) ~[server-1.19.2-20220805.130853-srg.jar%23362!/:?]
	at net.minecraft.Util.m_214652_(Util.java:781) ~[server-1.19.2-20220805.130853-srg.jar%23362!/:?]
	at net.minecraft.Util.m_214679_(Util.java:770) ~[server-1.19.2-20220805.130853-srg.jar%23362!/:?]
	at net.minecraft.server.Main.main(Main.java:157) ~[server-1.19.2-20220805.130853-srg.jar%23362!/:?]
	at jdk.internal.reflect.NativeMethodAccessorImpl.invoke0(Native Method) ~[?:?]
	at jdk.internal.reflect.NativeMethodAccessorImpl.invoke(NativeMethodAccessorImpl.java:77) ~[?:?]
	at jdk.internal.reflect.DelegatingMethodAccessorImpl.invoke(DelegatingMethodAccessorImpl.java:43) ~[?:?]
	at java.lang.reflect.Method.invoke(Method.java:569) ~[?:?]
	at net.minecraftforge.fml.loading.targets.CommonServerLaunchHandler.lambda$launchService$0(CommonServerLaunchHandler.java:29) ~[fmlloader-1.19.2-43.5.0.jar%2373!/:?]
	at cpw.mods.modlauncher.LaunchServiceHandlerDecorator.launch(LaunchServiceHandlerDecorator.java:30) ~[modlauncher-10.0.8.jar%2355!/:?]
	at cpw.mods.modlauncher.LaunchServiceHandler.launch(LaunchServiceHandler.java:53) ~[modlauncher-10.0.8.jar%2355!/:?]
	at cpw.mods.modlauncher.LaunchServiceHandler.launch(LaunchServiceHandler.java:71) ~[modlauncher-10.0.8.jar%2355!/:?]
	at cpw.mods.modlauncher.Launcher.run(Launcher.java:106) ~[modlauncher-10.0.8.jar%2355!/:?]
	at cpw.mods.modlauncher.Launcher.main(Launcher.java:77) ~[modlauncher-10.0.8.jar%2355!/:?]
	at cpw.mods.modlauncher.BootstrapLaunchConsumer.accept(BootstrapLaunchConsumer.java:26) ~[modlauncher-10.0.8.jar%2355!/:?]
	at cpw.mods.modlauncher.BootstrapLaunchConsumer.accept(BootstrapLaunchConsumer.java:23) ~[modlauncher-10.0.8.jar%2355!/:?]
	at cpw.mods.bootstraplauncher.BootstrapLauncher.main(BootstrapLauncher.java:141) ~[bootstraplauncher-1.1.2.jar:?]
[21Nov2025 20:57:13.954] [main/ERROR] [Apotheosis : Adventure/]: Failed to execute ShieldBreakerTest
java.lang.NullPointerException: Cannot invoke "net.minecraft.world.entity.LivingEntity.m_213824_()" because "attacker" is null
	at net.minecraftforge.common.extensions.IForgeItem.canDisableShield(IForgeItem.java:674) ~[forge-1.19.2-43.5.0-universal.jar%23367!/:?]
	at net.minecraftforge.common.extensions.IForgeItemStack.canDisableShield(IForgeItemStack.java:231) ~[forge-1.19.2-43.5.0-universal.jar%23367!/:?]
	at shadows.apotheosis.adventure.loot.ShieldBreakerTest.test(ShieldBreakerTest.java:48) ~[Apotheosis-1.19.2-6.5.2.jar%23234!/:6.5.2]
	at shadows.apotheosis.adventure.loot.ShieldBreakerTest.test(ShieldBreakerTest.java:25) ~[Apotheosis-1.19.2-6.5.2.jar%23234!/:6.5.2]
	at shadows.apotheosis.adventure.loot.LootCategory.isValid(LootCategory.java:89) ~[Apotheosis-1.19.2-6.5.2.jar%23234!/:6.5.2]
	at shadows.apotheosis.adventure.loot.LootCategory.forItem(LootCategory.java:182) ~[Apotheosis-1.19.2-6.5.2.jar%23234!/:6.5.2]
	at shadows.apotheosis.adventure.loot.AffixLootEntry.getType(AffixLootEntry.java:95) ~[Apotheosis-1.19.2-6.5.2.jar%23234!/:6.5.2]
	at shadows.apotheosis.adventure.loot.AffixLootManager.validateItem(AffixLootManager.java:28) ~[Apotheosis-1.19.2-6.5.2.jar%23234!/:6.5.2]
	at shadows.apotheosis.adventure.loot.AffixLootManager.validateItem(AffixLootManager.java:11) ~[Apotheosis-1.19.2-6.5.2.jar%23234!/:6.5.2]
	at shadows.placebo.json.PlaceboJsonReloadListener.register(PlaceboJsonReloadListener.java:184) ~[Placebo-1.19.2-7.4.1.jar%23317!/:7.4.1]
	at shadows.placebo.json.WeightedJsonReloadListener.register(WeightedJsonReloadListener.java:47) ~[Placebo-1.19.2-7.4.1.jar%23317!/:7.4.1]
	at shadows.placebo.json.PlaceboJsonReloadListener.lambda$apply$0(PlaceboJsonReloadListener.java:105) ~[Placebo-1.19.2-7.4.1.jar%23317!/:7.4.1]
	at java.util.HashMap.forEach(HashMap.java:1421) ~[?:?]
	at shadows.placebo.json.PlaceboJsonReloadListener.apply(PlaceboJsonReloadListener.java:91) ~[Placebo-1.19.2-7.4.1.jar%23317!/:7.4.1]
	at shadows.placebo.json.PlaceboJsonReloadListener.m_5787_(PlaceboJsonReloadListener.java:47) ~[Placebo-1.19.2-7.4.1.jar%23317!/:7.4.1]
	at net.minecraft.server.packs.resources.SimplePreparableReloadListener.m_10789_(SimplePreparableReloadListener.java:13) ~[server-1.19.2-20220805.130853-srg.jar%23362!/:?]
	at java.util.concurrent.CompletableFuture$UniAccept.tryFire(CompletableFuture.java:718) ~[?:?]
	at java.util.concurrent.CompletableFuture$Completion.run(CompletableFuture.java:482) ~[?:?]
	at net.minecraft.server.packs.resources.SimpleReloadInstance.m_143940_(SimpleReloadInstance.java:69) ~[server-1.19.2-20220805.130853-srg.jar%23362!/:?]
	at net.minecraft.Util.m_214652_(Util.java:781) ~[server-1.19.2-20220805.130853-srg.jar%23362!/:?]
	at net.minecraft.Util.m_214679_(Util.java:770) ~[server-1.19.2-20220805.130853-srg.jar%23362!/:?]
	at net.minecraft.server.Main.main(Main.java:157) ~[server-1.19.2-20220805.130853-srg.jar%23362!/:?]
	at jdk.internal.reflect.NativeMethodAccessorImpl.invoke0(Native Method) ~[?:?]
	at jdk.internal.reflect.NativeMethodAccessorImpl.invoke(NativeMethodAccessorImpl.java:77) ~[?:?]
	at jdk.internal.reflect.DelegatingMethodAccessorImpl.invoke(DelegatingMethodAccessorImpl.java:43) ~[?:?]
	at java.lang.reflect.Method.invoke(Method.java:569) ~[?:?]
	at net.minecraftforge.fml.loading.targets.CommonServerLaunchHandler.lambda$launchService$0(CommonServerLaunchHandler.java:29) ~[fmlloader-1.19.2-43.5.0.jar%2373!/:?]
	at cpw.mods.modlauncher.LaunchServiceHandlerDecorator.launch(LaunchServiceHandlerDecorator.java:30) ~[modlauncher-10.0.8.jar%2355!/:?]
	at cpw.mods.modlauncher.LaunchServiceHandler.launch(LaunchServiceHandler.java:53) ~[modlauncher-10.0.8.jar%2355!/:?]
	at cpw.mods.modlauncher.LaunchServiceHandler.launch(LaunchServiceHandler.java:71) ~[modlauncher-10.0.8.jar%2355!/:?]
	at cpw.mods.modlauncher.Launcher.run(Launcher.java:106) ~[modlauncher-10.0.8.jar%2355!/:?]
	at cpw.mods.modlauncher.Launcher.main(Launcher.java:77) ~[modlauncher-10.0.8.jar%2355!/:?]
	at cpw.mods.modlauncher.BootstrapLaunchConsumer.accept(BootstrapLaunchConsumer.java:26) ~[modlauncher-10.0.8.jar%2355!/:?]
	at cpw.mods.modlauncher.BootstrapLaunchConsumer.accept(BootstrapLaunchConsumer.java:23) ~[modlauncher-10.0.8.jar%2355!/:?]
	at cpw.mods.bootstraplauncher.BootstrapLauncher.main(BootstrapLauncher.java:141) ~[bootstraplauncher-1.1.2.jar:?]
[21Nov2025 20:57:13.957] [main/ERROR] [Apotheosis : Adventure/]: Failed to execute ShieldBreakerTest
java.lang.NullPointerException: Cannot invoke "net.minecraft.world.entity.LivingEntity.m_213824_()" because "attacker" is null
	at net.minecraftforge.common.extensions.IForgeItem.canDisableShield(IForgeItem.java:674) ~[forge-1.19.2-43.5.0-universal.jar%23367!/:?]
	at net.minecraftforge.common.extensions.IForgeItemStack.canDisableShield(IForgeItemStack.java:231) ~[forge-1.19.2-43.5.0-universal.jar%23367!/:?]
	at shadows.apotheosis.adventure.loot.ShieldBreakerTest.test(ShieldBreakerTest.java:48) ~[Apotheosis-1.19.2-6.5.2.jar%23234!/:6.5.2]
	at shadows.apotheosis.adventure.loot.ShieldBreakerTest.test(ShieldBreakerTest.java:25) ~[Apotheosis-1.19.2-6.5.2.jar%23234!/:6.5.2]
	at shadows.apotheosis.adventure.loot.LootCategory.isValid(LootCategory.java:89) ~[Apotheosis-1.19.2-6.5.2.jar%23234!/:6.5.2]
	at shadows.apotheosis.adventure.loot.LootCategory.forItem(LootCategory.java:182) ~[Apotheosis-1.19.2-6.5.2.jar%23234!/:6.5.2]
	at shadows.apotheosis.adventure.loot.AffixLootEntry.getType(AffixLootEntry.java:95) ~[Apotheosis-1.19.2-6.5.2.jar%23234!/:6.5.2]
	at shadows.apotheosis.adventure.loot.AffixLootManager.validateItem(AffixLootManager.java:28) ~[Apotheosis-1.19.2-6.5.2.jar%23234!/:6.5.2]
	at shadows.apotheosis.adventure.loot.AffixLootManager.validateItem(AffixLootManager.java:11) ~[Apotheosis-1.19.2-6.5.2.jar%23234!/:6.5.2]
	at shadows.placebo.json.PlaceboJsonReloadListener.register(PlaceboJsonReloadListener.java:184) ~[Placebo-1.19.2-7.4.1.jar%23317!/:7.4.1]
	at shadows.placebo.json.WeightedJsonReloadListener.register(WeightedJsonReloadListener.java:47) ~[Placebo-1.19.2-7.4.1.jar%23317!/:7.4.1]
	at shadows.placebo.json.PlaceboJsonReloadListener.lambda$apply$0(PlaceboJsonReloadListener.java:105) ~[Placebo-1.19.2-7.4.1.jar%23317!/:7.4.1]
	at java.util.HashMap.forEach(HashMap.java:1421) ~[?:?]
	at shadows.placebo.json.PlaceboJsonReloadListener.apply(PlaceboJsonReloadListener.java:91) ~[Placebo-1.19.2-7.4.1.jar%23317!/:7.4.1]
	at shadows.placebo.json.PlaceboJsonReloadListener.m_5787_(PlaceboJsonReloadListener.java:47) ~[Placebo-1.19.2-7.4.1.jar%23317!/:7.4.1]
	at net.minecraft.server.packs.resources.SimplePreparableReloadListener.m_10789_(SimplePreparableReloadListener.java:13) ~[server-1.19.2-20220805.130853-srg.jar%23362!/:?]
	at java.util.concurrent.CompletableFuture$UniAccept.tryFire(CompletableFuture.java:718) ~[?:?]
	at java.util.concurrent.CompletableFuture$Completion.run(CompletableFuture.java:482) ~[?:?]
	at net.minecraft.server.packs.resources.SimpleReloadInstance.m_143940_(SimpleReloadInstance.java:69) ~[server-1.19.2-20220805.130853-srg.jar%23362!/:?]
	at net.minecraft.Util.m_214652_(Util.java:781) ~[server-1.19.2-20220805.130853-srg.jar%23362!/:?]
	at net.minecraft.Util.m_214679_(Util.java:770) ~[server-1.19.2-20220805.130853-srg.jar%23362!/:?]
	at net.minecraft.server.Main.main(Main.java:157) ~[server-1.19.2-20220805.130853-srg.jar%23362!/:?]
	at jdk.internal.reflect.NativeMethodAccessorImpl.invoke0(Native Method) ~[?:?]
	at jdk.internal.reflect.NativeMethodAccessorImpl.invoke(NativeMethodAccessorImpl.java:77) ~[?:?]
	at jdk.internal.reflect.DelegatingMethodAccessorImpl.invoke(DelegatingMethodAccessorImpl.java:43) ~[?:?]
	at java.lang.reflect.Method.invoke(Method.java:569) ~[?:?]
	at net.minecraftforge.fml.loading.targets.CommonServerLaunchHandler.lambda$launchService$0(CommonServerLaunchHandler.java:29) ~[fmlloader-1.19.2-43.5.0.jar%2373!/:?]
	at cpw.mods.modlauncher.LaunchServiceHandlerDecorator.launch(LaunchServiceHandlerDecorator.java:30) ~[modlauncher-10.0.8.jar%2355!/:?]
	at cpw.mods.modlauncher.LaunchServiceHandler.launch(LaunchServiceHandler.java:53) ~[modlauncher-10.0.8.jar%2355!/:?]
	at cpw.mods.modlauncher.LaunchServiceHandler.launch(LaunchServiceHandler.java:71) ~[modlauncher-10.0.8.jar%2355!/:?]
	at cpw.mods.modlauncher.Launcher.run(Launcher.java:106) ~[modlauncher-10.0.8.jar%2355!/:?]
	at cpw.mods.modlauncher.Launcher.main(Launcher.java:77) ~[modlauncher-10.0.8.jar%2355!/:?]
	at cpw.mods.modlauncher.BootstrapLaunchConsumer.accept(BootstrapLaunchConsumer.java:26) ~[modlauncher-10.0.8.jar%2355!/:?]
	at cpw.mods.modlauncher.BootstrapLaunchConsumer.accept(BootstrapLaunchConsumer.java:23) ~[modlauncher-10.0.8.jar%2355!/:?]
	at cpw.mods.bootstraplauncher.BootstrapLauncher.main(BootstrapLauncher.java:141) ~[bootstraplauncher-1.1.2.jar:?]
[21Nov2025 20:57:13.960] [main/ERROR] [Apotheosis : Adventure/]: Failed to execute ShieldBreakerTest
java.lang.NullPointerException: Cannot invoke "net.minecraft.world.entity.LivingEntity.m_213824_()" because "attacker" is null
	at net.minecraftforge.common.extensions.IForgeItem.canDisableShield(IForgeItem.java:674) ~[forge-1.19.2-43.5.0-universal.jar%23367!/:?]
	at net.minecraftforge.common.extensions.IForgeItemStack.canDisableShield(IForgeItemStack.java:231) ~[forge-1.19.2-43.5.0-universal.jar%23367!/:?]
	at shadows.apotheosis.adventure.loot.ShieldBreakerTest.test(ShieldBreakerTest.java:48) ~[Apotheosis-1.19.2-6.5.2.jar%23234!/:6.5.2]
	at shadows.apotheosis.adventure.loot.ShieldBreakerTest.test(ShieldBreakerTest.java:25) ~[Apotheosis-1.19.2-6.5.2.jar%23234!/:6.5.2]
	at shadows.apotheosis.adventure.loot.LootCategory.isValid(LootCategory.java:89) ~[Apotheosis-1.19.2-6.5.2.jar%23234!/:6.5.2]
	at shadows.apotheosis.adventure.loot.LootCategory.forItem(LootCategory.java:182) ~[Apotheosis-1.19.2-6.5.2.jar%23234!/:6.5.2]
	at shadows.apotheosis.adventure.loot.AffixLootEntry.getType(AffixLootEntry.java:95) ~[Apotheosis-1.19.2-6.5.2.jar%23234!/:6.5.2]
	at shadows.apotheosis.adventure.loot.AffixLootManager.validateItem(AffixLootManager.java:28) ~[Apotheosis-1.19.2-6.5.2.jar%23234!/:6.5.2]
	at shadows.apotheosis.adventure.loot.AffixLootManager.validateItem(AffixLootManager.java:11) ~[Apotheosis-1.19.2-6.5.2.jar%23234!/:6.5.2]
	at shadows.placebo.json.PlaceboJsonReloadListener.register(PlaceboJsonReloadListener.java:184) ~[Placebo-1.19.2-7.4.1.jar%23317!/:7.4.1]
	at shadows.placebo.json.WeightedJsonReloadListener.register(WeightedJsonReloadListener.java:47) ~[Placebo-1.19.2-7.4.1.jar%23317!/:7.4.1]
	at shadows.placebo.json.PlaceboJsonReloadListener.lambda$apply$0(PlaceboJsonReloadListener.java:105) ~[Placebo-1.19.2-7.4.1.jar%23317!/:7.4.1]
	at java.util.HashMap.forEach(HashMap.java:1421) ~[?:?]
	at shadows.placebo.json.PlaceboJsonReloadListener.apply(PlaceboJsonReloadListener.java:91) ~[Placebo-1.19.2-7.4.1.jar%23317!/:7.4.1]
	at shadows.placebo.json.PlaceboJsonReloadListener.m_5787_(PlaceboJsonReloadListener.java:47) ~[Placebo-1.19.2-7.4.1.jar%23317!/:7.4.1]
	at net.minecraft.server.packs.resources.SimplePreparableReloadListener.m_10789_(SimplePreparableReloadListener.java:13) ~[server-1.19.2-20220805.130853-srg.jar%23362!/:?]
	at java.util.concurrent.CompletableFuture$UniAccept.tryFire(CompletableFuture.java:718) ~[?:?]
	at java.util.concurrent.CompletableFuture$Completion.run(CompletableFuture.java:482) ~[?:?]
	at net.minecraft.server.packs.resources.SimpleReloadInstance.m_143940_(SimpleReloadInstance.java:69) ~[server-1.19.2-20220805.130853-srg.jar%23362!/:?]
	at net.minecraft.Util.m_214652_(Util.java:781) ~[server-1.19.2-20220805.130853-srg.jar%23362!/:?]
	at net.minecraft.Util.m_214679_(Util.java:770) ~[server-1.19.2-20220805.130853-srg.jar%23362!/:?]
	at net.minecraft.server.Main.main(Main.java:157) ~[server-1.19.2-20220805.130853-srg.jar%23362!/:?]
	at jdk.internal.reflect.NativeMethodAccessorImpl.invoke0(Native Method) ~[?:?]
	at jdk.internal.reflect.NativeMethodAccessorImpl.invoke(NativeMethodAccessorImpl.java:77) ~[?:?]
	at jdk.internal.reflect.DelegatingMethodAccessorImpl.invoke(DelegatingMethodAccessorImpl.java:43) ~[?:?]
	at java.lang.reflect.Method.invoke(Method.java:569) ~[?:?]
	at net.minecraftforge.fml.loading.targets.CommonServerLaunchHandler.lambda$launchService$0(CommonServerLaunchHandler.java:29) ~[fmlloader-1.19.2-43.5.0.jar%2373!/:?]
	at cpw.mods.modlauncher.LaunchServiceHandlerDecorator.launch(LaunchServiceHandlerDecorator.java:30) ~[modlauncher-10.0.8.jar%2355!/:?]
	at cpw.mods.modlauncher.LaunchServiceHandler.launch(LaunchServiceHandler.java:53) ~[modlauncher-10.0.8.jar%2355!/:?]
	at cpw.mods.modlauncher.LaunchServiceHandler.launch(LaunchServiceHandler.java:71) ~[modlauncher-10.0.8.jar%2355!/:?]
	at cpw.mods.modlauncher.Launcher.run(Launcher.java:106) ~[modlauncher-10.0.8.jar%2355!/:?]
	at cpw.mods.modlauncher.Launcher.main(Launcher.java:77) ~[modlauncher-10.0.8.jar%2355!/:?]
	at cpw.mods.modlauncher.BootstrapLaunchConsumer.accept(BootstrapLaunchConsumer.java:26) ~[modlauncher-10.0.8.jar%2355!/:?]
	at cpw.mods.modlauncher.BootstrapLaunchConsumer.accept(BootstrapLaunchConsumer.java:23) ~[modlauncher-10.0.8.jar%2355!/:?]
	at cpw.mods.bootstraplauncher.BootstrapLauncher.main(BootstrapLauncher.java:141) ~[bootstraplauncher-1.1.2.jar:?]
[21Nov2025 20:57:13.963] [main/ERROR] [Apotheosis : Adventure/]: Failed to execute ShieldBreakerTest
java.lang.NullPointerException: Cannot invoke "net.minecraft.world.entity.LivingEntity.m_213824_()" because "attacker" is null
	at net.minecraftforge.common.extensions.IForgeItem.canDisableShield(IForgeItem.java:674) ~[forge-1.19.2-43.5.0-universal.jar%23367!/:?]
	at net.minecraftforge.common.extensions.IForgeItemStack.canDisableShield(IForgeItemStack.java:231) ~[forge-1.19.2-43.5.0-universal.jar%23367!/:?]
	at shadows.apotheosis.adventure.loot.ShieldBreakerTest.test(ShieldBreakerTest.java:48) ~[Apotheosis-1.19.2-6.5.2.jar%23234!/:6.5.2]
	at shadows.apotheosis.adventure.loot.ShieldBreakerTest.test(ShieldBreakerTest.java:25) ~[Apotheosis-1.19.2-6.5.2.jar%23234!/:6.5.2]
	at shadows.apotheosis.adventure.loot.LootCategory.isValid(LootCategory.java:89) ~[Apotheosis-1.19.2-6.5.2.jar%23234!/:6.5.2]
	at shadows.apotheosis.adventure.loot.LootCategory.forItem(LootCategory.java:182) ~[Apotheosis-1.19.2-6.5.2.jar%23234!/:6.5.2]
	at shadows.apotheosis.adventure.loot.AffixLootEntry.getType(AffixLootEntry.java:95) ~[Apotheosis-1.19.2-6.5.2.jar%23234!/:6.5.2]
	at shadows.apotheosis.adventure.loot.AffixLootManager.validateItem(AffixLootManager.java:28) ~[Apotheosis-1.19.2-6.5.2.jar%23234!/:6.5.2]
	at shadows.apotheosis.adventure.loot.AffixLootManager.validateItem(AffixLootManager.java:11) ~[Apotheosis-1.19.2-6.5.2.jar%23234!/:6.5.2]
	at shadows.placebo.json.PlaceboJsonReloadListener.register(PlaceboJsonReloadListener.java:184) ~[Placebo-1.19.2-7.4.1.jar%23317!/:7.4.1]
	at shadows.placebo.json.WeightedJsonReloadListener.register(WeightedJsonReloadListener.java:47) ~[Placebo-1.19.2-7.4.1.jar%23317!/:7.4.1]
	at shadows.placebo.json.PlaceboJsonReloadListener.lambda$apply$0(PlaceboJsonReloadListener.java:105) ~[Placebo-1.19.2-7.4.1.jar%23317!/:7.4.1]
	at java.util.HashMap.forEach(HashMap.java:1421) ~[?:?]
	at shadows.placebo.json.PlaceboJsonReloadListener.apply(PlaceboJsonReloadListener.java:91) ~[Placebo-1.19.2-7.4.1.jar%23317!/:7.4.1]
	at shadows.placebo.json.PlaceboJsonReloadListener.m_5787_(PlaceboJsonReloadListener.java:47) ~[Placebo-1.19.2-7.4.1.jar%23317!/:7.4.1]
	at net.minecraft.server.packs.resources.SimplePreparableReloadListener.m_10789_(SimplePreparableReloadListener.java:13) ~[server-1.19.2-20220805.130853-srg.jar%23362!/:?]
	at java.util.concurrent.CompletableFuture$UniAccept.tryFire(CompletableFuture.java:718) ~[?:?]
	at java.util.concurrent.CompletableFuture$Completion.run(CompletableFuture.java:482) ~[?:?]
	at net.minecraft.server.packs.resources.SimpleReloadInstance.m_143940_(SimpleReloadInstance.java:69) ~[server-1.19.2-20220805.130853-srg.jar%23362!/:?]
	at net.minecraft.Util.m_214652_(Util.java:781) ~[server-1.19.2-20220805.130853-srg.jar%23362!/:?]
	at net.minecraft.Util.m_214679_(Util.java:770) ~[server-1.19.2-20220805.130853-srg.jar%23362!/:?]
	at net.minecraft.server.Main.main(Main.java:157) ~[server-1.19.2-20220805.130853-srg.jar%23362!/:?]
	at jdk.internal.reflect.NativeMethodAccessorImpl.invoke0(Native Method) ~[?:?]
	at jdk.internal.reflect.NativeMethodAccessorImpl.invoke(NativeMethodAccessorImpl.java:77) ~[?:?]
	at jdk.internal.reflect.DelegatingMethodAccessorImpl.invoke(DelegatingMethodAccessorImpl.java:43) ~[?:?]
	at java.lang.reflect.Method.invoke(Method.java:569) ~[?:?]
	at net.minecraftforge.fml.loading.targets.CommonServerLaunchHandler.lambda$launchService$0(CommonServerLaunchHandler.java:29) ~[fmlloader-1.19.2-43.5.0.jar%2373!/:?]
	at cpw.mods.modlauncher.LaunchServiceHandlerDecorator.launch(LaunchServiceHandlerDecorator.java:30) ~[modlauncher-10.0.8.jar%2355!/:?]
	at cpw.mods.modlauncher.LaunchServiceHandler.launch(LaunchServiceHandler.java:53) ~[modlauncher-10.0.8.jar%2355!/:?]
	at cpw.mods.modlauncher.LaunchServiceHandler.launch(LaunchServiceHandler.java:71) ~[modlauncher-10.0.8.jar%2355!/:?]
	at cpw.mods.modlauncher.Launcher.run(Launcher.java:106) ~[modlauncher-10.0.8.jar%2355!/:?]
	at cpw.mods.modlauncher.Launcher.main(Launcher.java:77) ~[modlauncher-10.0.8.jar%2355!/:?]
	at cpw.mods.modlauncher.BootstrapLaunchConsumer.accept(BootstrapLaunchConsumer.java:26) ~[modlauncher-10.0.8.jar%2355!/:?]
	at cpw.mods.modlauncher.BootstrapLaunchConsumer.accept(BootstrapLaunchConsumer.java:23) ~[modlauncher-10.0.8.jar%2355!/:?]
	at cpw.mods.bootstraplauncher.BootstrapLauncher.main(BootstrapLauncher.java:141) ~[bootstraplauncher-1.1.2.jar:?]
[21Nov2025 20:57:13.965] [main/ERROR] [Apotheosis : Adventure/]: Failed to execute ShieldBreakerTest
java.lang.NullPointerException: Cannot invoke "net.minecraft.world.entity.LivingEntity.m_213824_()" because "attacker" is null
	at net.minecraftforge.common.extensions.IForgeItem.canDisableShield(IForgeItem.java:674) ~[forge-1.19.2-43.5.0-universal.jar%23367!/:?]
	at net.minecraftforge.common.extensions.IForgeItemStack.canDisableShield(IForgeItemStack.java:231) ~[forge-1.19.2-43.5.0-universal.jar%23367!/:?]
	at shadows.apotheosis.adventure.loot.ShieldBreakerTest.test(ShieldBreakerTest.java:48) ~[Apotheosis-1.19.2-6.5.2.jar%23234!/:6.5.2]
	at shadows.apotheosis.adventure.loot.ShieldBreakerTest.test(ShieldBreakerTest.java:25) ~[Apotheosis-1.19.2-6.5.2.jar%23234!/:6.5.2]
	at shadows.apotheosis.adventure.loot.LootCategory.isValid(LootCategory.java:89) ~[Apotheosis-1.19.2-6.5.2.jar%23234!/:6.5.2]
	at shadows.apotheosis.adventure.loot.LootCategory.forItem(LootCategory.java:182) ~[Apotheosis-1.19.2-6.5.2.jar%23234!/:6.5.2]
	at shadows.apotheosis.adventure.loot.AffixLootEntry.getType(AffixLootEntry.java:95) ~[Apotheosis-1.19.2-6.5.2.jar%23234!/:6.5.2]
	at shadows.apotheosis.adventure.loot.AffixLootManager.validateItem(AffixLootManager.java:28) ~[Apotheosis-1.19.2-6.5.2.jar%23234!/:6.5.2]
	at shadows.apotheosis.adventure.loot.AffixLootManager.validateItem(AffixLootManager.java:11) ~[Apotheosis-1.19.2-6.5.2.jar%23234!/:6.5.2]
	at shadows.placebo.json.PlaceboJsonReloadListener.register(PlaceboJsonReloadListener.java:184) ~[Placebo-1.19.2-7.4.1.jar%23317!/:7.4.1]
	at shadows.placebo.json.WeightedJsonReloadListener.register(WeightedJsonReloadListener.java:47) ~[Placebo-1.19.2-7.4.1.jar%23317!/:7.4.1]
	at shadows.placebo.json.PlaceboJsonReloadListener.lambda$apply$0(PlaceboJsonReloadListener.java:105) ~[Placebo-1.19.2-7.4.1.jar%23317!/:7.4.1]
	at java.util.HashMap.forEach(HashMap.java:1421) ~[?:?]
	at shadows.placebo.json.PlaceboJsonReloadListener.apply(PlaceboJsonReloadListener.java:91) ~[Placebo-1.19.2-7.4.1.jar%23317!/:7.4.1]
	at shadows.placebo.json.PlaceboJsonReloadListener.m_5787_(PlaceboJsonReloadListener.java:47) ~[Placebo-1.19.2-7.4.1.jar%23317!/:7.4.1]
	at net.minecraft.server.packs.resources.SimplePreparableReloadListener.m_10789_(SimplePreparableReloadListener.java:13) ~[server-1.19.2-20220805.130853-srg.jar%23362!/:?]
	at java.util.concurrent.CompletableFuture$UniAccept.tryFire(CompletableFuture.java:718) ~[?:?]
	at java.util.concurrent.CompletableFuture$Completion.run(CompletableFuture.java:482) ~[?:?]
	at net.minecraft.server.packs.resources.SimpleReloadInstance.m_143940_(SimpleReloadInstance.java:69) ~[server-1.19.2-20220805.130853-srg.jar%23362!/:?]
	at net.minecraft.Util.m_214652_(Util.java:781) ~[server-1.19.2-20220805.130853-srg.jar%23362!/:?]
	at net.minecraft.Util.m_214679_(Util.java:770) ~[server-1.19.2-20220805.130853-srg.jar%23362!/:?]
	at net.minecraft.server.Main.main(Main.java:157) ~[server-1.19.2-20220805.130853-srg.jar%23362!/:?]
	at jdk.internal.reflect.NativeMethodAccessorImpl.invoke0(Native Method) ~[?:?]
	at jdk.internal.reflect.NativeMethodAccessorImpl.invoke(NativeMethodAccessorImpl.java:77) ~[?:?]
	at jdk.internal.reflect.DelegatingMethodAccessorImpl.invoke(DelegatingMethodAccessorImpl.java:43) ~[?:?]
	at java.lang.reflect.Method.invoke(Method.java:569) ~[?:?]
	at net.minecraftforge.fml.loading.targets.CommonServerLaunchHandler.lambda$launchService$0(CommonServerLaunchHandler.java:29) ~[fmlloader-1.19.2-43.5.0.jar%2373!/:?]
	at cpw.mods.modlauncher.LaunchServiceHandlerDecorator.launch(LaunchServiceHandlerDecorator.java:30) ~[modlauncher-10.0.8.jar%2355!/:?]
	at cpw.mods.modlauncher.LaunchServiceHandler.launch(LaunchServiceHandler.java:53) ~[modlauncher-10.0.8.jar%2355!/:?]
	at cpw.mods.modlauncher.LaunchServiceHandler.launch(LaunchServiceHandler.java:71) ~[modlauncher-10.0.8.jar%2355!/:?]
	at cpw.mods.modlauncher.Launcher.run(Launcher.java:106) ~[modlauncher-10.0.8.jar%2355!/:?]
	at cpw.mods.modlauncher.Launcher.main(Launcher.java:77) ~[modlauncher-10.0.8.jar%2355!/:?]
	at cpw.mods.modlauncher.BootstrapLaunchConsumer.accept(BootstrapLaunchConsumer.java:26) ~[modlauncher-10.0.8.jar%2355!/:?]
	at cpw.mods.modlauncher.BootstrapLaunchConsumer.accept(BootstrapLaunchConsumer.java:23) ~[modlauncher-10.0.8.jar%2355!/:?]
	at cpw.mods.bootstraplauncher.BootstrapLauncher.main(BootstrapLauncher.java:141) ~[bootstraplauncher-1.1.2.jar:?]
[21Nov2025 20:57:13.968] [main/ERROR] [Apotheosis : Adventure/]: Failed to execute ShieldBreakerTest
java.lang.NullPointerException: Cannot invoke "net.minecraft.world.entity.LivingEntity.m_213824_()" because "attacker" is null
	at net.minecraftforge.common.extensions.IForgeItem.canDisableShield(IForgeItem.java:674) ~[forge-1.19.2-43.5.0-universal.jar%23367!/:?]
	at net.minecraftforge.common.extensions.IForgeItemStack.canDisableShield(IForgeItemStack.java:231) ~[forge-1.19.2-43.5.0-universal.jar%23367!/:?]
	at shadows.apotheosis.adventure.loot.ShieldBreakerTest.test(ShieldBreakerTest.java:48) ~[Apotheosis-1.19.2-6.5.2.jar%23234!/:6.5.2]
	at shadows.apotheosis.adventure.loot.ShieldBreakerTest.test(ShieldBreakerTest.java:25) ~[Apotheosis-1.19.2-6.5.2.jar%23234!/:6.5.2]
	at shadows.apotheosis.adventure.loot.LootCategory.isValid(LootCategory.java:89) ~[Apotheosis-1.19.2-6.5.2.jar%23234!/:6.5.2]
	at shadows.apotheosis.adventure.loot.LootCategory.forItem(LootCategory.java:182) ~[Apotheosis-1.19.2-6.5.2.jar%23234!/:6.5.2]
	at shadows.apotheosis.adventure.loot.AffixLootEntry.getType(AffixLootEntry.java:95) ~[Apotheosis-1.19.2-6.5.2.jar%23234!/:6.5.2]
	at shadows.apotheosis.adventure.loot.AffixLootManager.validateItem(AffixLootManager.java:28) ~[Apotheosis-1.19.2-6.5.2.jar%23234!/:6.5.2]
	at shadows.apotheosis.adventure.loot.AffixLootManager.validateItem(AffixLootManager.java:11) ~[Apotheosis-1.19.2-6.5.2.jar%23234!/:6.5.2]
	at shadows.placebo.json.PlaceboJsonReloadListener.register(PlaceboJsonReloadListener.java:184) ~[Placebo-1.19.2-7.4.1.jar%23317!/:7.4.1]
	at shadows.placebo.json.WeightedJsonReloadListener.register(WeightedJsonReloadListener.java:47) ~[Placebo-1.19.2-7.4.1.jar%23317!/:7.4.1]
	at shadows.placebo.json.PlaceboJsonReloadListener.lambda$apply$0(PlaceboJsonReloadListener.java:105) ~[Placebo-1.19.2-7.4.1.jar%23317!/:7.4.1]
	at java.util.HashMap.forEach(HashMap.java:1421) ~[?:?]
	at shadows.placebo.json.PlaceboJsonReloadListener.apply(PlaceboJsonReloadListener.java:91) ~[Placebo-1.19.2-7.4.1.jar%23317!/:7.4.1]
	at shadows.placebo.json.PlaceboJsonReloadListener.m_5787_(PlaceboJsonReloadListener.java:47) ~[Placebo-1.19.2-7.4.1.jar%23317!/:7.4.1]
	at net.minecraft.server.packs.resources.SimplePreparableReloadListener.m_10789_(SimplePreparableReloadListener.java:13) ~[server-1.19.2-20220805.130853-srg.jar%23362!/:?]
	at java.util.concurrent.CompletableFuture$UniAccept.tryFire(CompletableFuture.java:718) ~[?:?]
	at java.util.concurrent.CompletableFuture$Completion.run(CompletableFuture.java:482) ~[?:?]
	at net.minecraft.server.packs.resources.SimpleReloadInstance.m_143940_(SimpleReloadInstance.java:69) ~[server-1.19.2-20220805.130853-srg.jar%23362!/:?]
	at net.minecraft.Util.m_214652_(Util.java:781) ~[server-1.19.2-20220805.130853-srg.jar%23362!/:?]
	at net.minecraft.Util.m_214679_(Util.java:770) ~[server-1.19.2-20220805.130853-srg.jar%23362!/:?]
	at net.minecraft.server.Main.main(Main.java:157) ~[server-1.19.2-20220805.130853-srg.jar%23362!/:?]
	at jdk.internal.reflect.NativeMethodAccessorImpl.invoke0(Native Method) ~[?:?]
	at jdk.internal.reflect.NativeMethodAccessorImpl.invoke(NativeMethodAccessorImpl.java:77) ~[?:?]
	at jdk.internal.reflect.DelegatingMethodAccessorImpl.invoke(DelegatingMethodAccessorImpl.java:43) ~[?:?]
	at java.lang.reflect.Method.invoke(Method.java:569) ~[?:?]
	at net.minecraftforge.fml.loading.targets.CommonServerLaunchHandler.lambda$launchService$0(CommonServerLaunchHandler.java:29) ~[fmlloader-1.19.2-43.5.0.jar%2373!/:?]
	at cpw.mods.modlauncher.LaunchServiceHandlerDecorator.launch(LaunchServiceHandlerDecorator.java:30) ~[modlauncher-10.0.8.jar%2355!/:?]
	at cpw.mods.modlauncher.LaunchServiceHandler.launch(LaunchServiceHandler.java:53) ~[modlauncher-10.0.8.jar%2355!/:?]
	at cpw.mods.modlauncher.LaunchServiceHandler.launch(LaunchServiceHandler.java:71) ~[modlauncher-10.0.8.jar%2355!/:?]
	at cpw.mods.modlauncher.Launcher.run(Launcher.java:106) ~[modlauncher-10.0.8.jar%2355!/:?]
	at cpw.mods.modlauncher.Launcher.main(Launcher.java:77) ~[modlauncher-10.0.8.jar%2355!/:?]
	at cpw.mods.modlauncher.BootstrapLaunchConsumer.accept(BootstrapLaunchConsumer.java:26) ~[modlauncher-10.0.8.jar%2355!/:?]
	at cpw.mods.modlauncher.BootstrapLaunchConsumer.accept(BootstrapLaunchConsumer.java:23) ~[modlauncher-10.0.8.jar%2355!/:?]
	at cpw.mods.bootstraplauncher.BootstrapLauncher.main(BootstrapLauncher.java:141) ~[bootstraplauncher-1.1.2.jar:?]
[21Nov2025 20:57:13.970] [main/ERROR] [Apotheosis : Adventure/]: Failed to execute ShieldBreakerTest
java.lang.NullPointerException: Cannot invoke "net.minecraft.world.entity.LivingEntity.m_213824_()" because "attacker" is null
	at net.minecraftforge.common.extensions.IForgeItem.canDisableShield(IForgeItem.java:674) ~[forge-1.19.2-43.5.0-universal.jar%23367!/:?]
	at net.minecraftforge.common.extensions.IForgeItemStack.canDisableShield(IForgeItemStack.java:231) ~[forge-1.19.2-43.5.0-universal.jar%23367!/:?]
	at shadows.apotheosis.adventure.loot.ShieldBreakerTest.test(ShieldBreakerTest.java:48) ~[Apotheosis-1.19.2-6.5.2.jar%23234!/:6.5.2]
	at shadows.apotheosis.adventure.loot.ShieldBreakerTest.test(ShieldBreakerTest.java:25) ~[Apotheosis-1.19.2-6.5.2.jar%23234!/:6.5.2]
	at shadows.apotheosis.adventure.loot.LootCategory.isValid(LootCategory.java:89) ~[Apotheosis-1.19.2-6.5.2.jar%23234!/:6.5.2]
	at shadows.apotheosis.adventure.loot.LootCategory.forItem(LootCategory.java:182) ~[Apotheosis-1.19.2-6.5.2.jar%23234!/:6.5.2]
	at shadows.apotheosis.adventure.loot.AffixLootEntry.getType(AffixLootEntry.java:95) ~[Apotheosis-1.19.2-6.5.2.jar%23234!/:6.5.2]
	at shadows.apotheosis.adventure.loot.AffixLootManager.validateItem(AffixLootManager.java:28) ~[Apotheosis-1.19.2-6.5.2.jar%23234!/:6.5.2]
	at shadows.apotheosis.adventure.loot.AffixLootManager.validateItem(AffixLootManager.java:11) ~[Apotheosis-1.19.2-6.5.2.jar%23234!/:6.5.2]
	at shadows.placebo.json.PlaceboJsonReloadListener.register(PlaceboJsonReloadListener.java:184) ~[Placebo-1.19.2-7.4.1.jar%23317!/:7.4.1]
	at shadows.placebo.json.WeightedJsonReloadListener.register(WeightedJsonReloadListener.java:47) ~[Placebo-1.19.2-7.4.1.jar%23317!/:7.4.1]
	at shadows.placebo.json.PlaceboJsonReloadListener.lambda$apply$0(PlaceboJsonReloadListener.java:105) ~[Placebo-1.19.2-7.4.1.jar%23317!/:7.4.1]
	at java.util.HashMap.forEach(HashMap.java:1421) ~[?:?]
	at shadows.placebo.json.PlaceboJsonReloadListener.apply(PlaceboJsonReloadListener.java:91) ~[Placebo-1.19.2-7.4.1.jar%23317!/:7.4.1]
	at shadows.placebo.json.PlaceboJsonReloadListener.m_5787_(PlaceboJsonReloadListener.java:47) ~[Placebo-1.19.2-7.4.1.jar%23317!/:7.4.1]
	at net.minecraft.server.packs.resources.SimplePreparableReloadListener.m_10789_(SimplePreparableReloadListener.java:13) ~[server-1.19.2-20220805.130853-srg.jar%23362!/:?]
	at java.util.concurrent.CompletableFuture$UniAccept.tryFire(CompletableFuture.java:718) ~[?:?]
	at java.util.concurrent.CompletableFuture$Completion.run(CompletableFuture.java:482) ~[?:?]
	at net.minecraft.server.packs.resources.SimpleReloadInstance.m_143940_(SimpleReloadInstance.java:69) ~[server-1.19.2-20220805.130853-srg.jar%23362!/:?]
	at net.minecraft.Util.m_214652_(Util.java:781) ~[server-1.19.2-20220805.130853-srg.jar%23362!/:?]
	at net.minecraft.Util.m_214679_(Util.java:770) ~[server-1.19.2-20220805.130853-srg.jar%23362!/:?]
	at net.minecraft.server.Main.main(Main.java:157) ~[server-1.19.2-20220805.130853-srg.jar%23362!/:?]
	at jdk.internal.reflect.NativeMethodAccessorImpl.invoke0(Native Method) ~[?:?]
	at jdk.internal.reflect.NativeMethodAccessorImpl.invoke(NativeMethodAccessorImpl.java:77) ~[?:?]
	at jdk.internal.reflect.DelegatingMethodAccessorImpl.invoke(DelegatingMethodAccessorImpl.java:43) ~[?:?]
	at java.lang.reflect.Method.invoke(Method.java:569) ~[?:?]
	at net.minecraftforge.fml.loading.targets.CommonServerLaunchHandler.lambda$launchService$0(CommonServerLaunchHandler.java:29) ~[fmlloader-1.19.2-43.5.0.jar%2373!/:?]
	at cpw.mods.modlauncher.LaunchServiceHandlerDecorator.launch(LaunchServiceHandlerDecorator.java:30) ~[modlauncher-10.0.8.jar%2355!/:?]
	at cpw.mods.modlauncher.LaunchServiceHandler.launch(LaunchServiceHandler.java:53) ~[modlauncher-10.0.8.jar%2355!/:?]
	at cpw.mods.modlauncher.LaunchServiceHandler.launch(LaunchServiceHandler.java:71) ~[modlauncher-10.0.8.jar%2355!/:?]
	at cpw.mods.modlauncher.Launcher.run(Launcher.java:106) ~[modlauncher-10.0.8.jar%2355!/:?]
	at cpw.mods.modlauncher.Launcher.main(Launcher.java:77) ~[modlauncher-10.0.8.jar%2355!/:?]
	at cpw.mods.modlauncher.BootstrapLaunchConsumer.accept(BootstrapLaunchConsumer.java:26) ~[modlauncher-10.0.8.jar%2355!/:?]
	at cpw.mods.modlauncher.BootstrapLaunchConsumer.accept(BootstrapLaunchConsumer.java:23) ~[modlauncher-10.0.8.jar%2355!/:?]
	at cpw.mods.bootstraplauncher.BootstrapLauncher.main(BootstrapLauncher.java:141) ~[bootstraplauncher-1.1.2.jar:?]
[21Nov2025 20:57:13.974] [main/ERROR] [Apotheosis : Adventure/]: Failed to execute ShieldBreakerTest
java.lang.NullPointerException: Cannot invoke "net.minecraft.world.entity.LivingEntity.m_213824_()" because "attacker" is null
	at net.minecraftforge.common.extensions.IForgeItem.canDisableShield(IForgeItem.java:674) ~[forge-1.19.2-43.5.0-universal.jar%23367!/:?]
	at net.minecraftforge.common.extensions.IForgeItemStack.canDisableShield(IForgeItemStack.java:231) ~[forge-1.19.2-43.5.0-universal.jar%23367!/:?]
	at shadows.apotheosis.adventure.loot.ShieldBreakerTest.test(ShieldBreakerTest.java:48) ~[Apotheosis-1.19.2-6.5.2.jar%23234!/:6.5.2]
	at shadows.apotheosis.adventure.loot.ShieldBreakerTest.test(ShieldBreakerTest.java:25) ~[Apotheosis-1.19.2-6.5.2.jar%23234!/:6.5.2]
	at shadows.apotheosis.adventure.loot.LootCategory.isValid(LootCategory.java:89) ~[Apotheosis-1.19.2-6.5.2.jar%23234!/:6.5.2]
	at shadows.apotheosis.adventure.loot.LootCategory.forItem(LootCategory.java:182) ~[Apotheosis-1.19.2-6.5.2.jar%23234!/:6.5.2]
	at shadows.apotheosis.adventure.loot.AffixLootEntry.getType(AffixLootEntry.java:95) ~[Apotheosis-1.19.2-6.5.2.jar%23234!/:6.5.2]
	at shadows.apotheosis.adventure.loot.AffixLootManager.validateItem(AffixLootManager.java:28) ~[Apotheosis-1.19.2-6.5.2.jar%23234!/:6.5.2]
	at shadows.apotheosis.adventure.loot.AffixLootManager.validateItem(AffixLootManager.java:11) ~[Apotheosis-1.19.2-6.5.2.jar%23234!/:6.5.2]
	at shadows.placebo.json.PlaceboJsonReloadListener.register(PlaceboJsonReloadListener.java:184) ~[Placebo-1.19.2-7.4.1.jar%23317!/:7.4.1]
	at shadows.placebo.json.WeightedJsonReloadListener.register(WeightedJsonReloadListener.java:47) ~[Placebo-1.19.2-7.4.1.jar%23317!/:7.4.1]
	at shadows.placebo.json.PlaceboJsonReloadListener.lambda$apply$0(PlaceboJsonReloadListener.java:105) ~[Placebo-1.19.2-7.4.1.jar%23317!/:7.4.1]
	at java.util.HashMap.forEach(HashMap.java:1421) ~[?:?]
	at shadows.placebo.json.PlaceboJsonReloadListener.apply(PlaceboJsonReloadListener.java:91) ~[Placebo-1.19.2-7.4.1.jar%23317!/:7.4.1]
	at shadows.placebo.json.PlaceboJsonReloadListener.m_5787_(PlaceboJsonReloadListener.java:47) ~[Placebo-1.19.2-7.4.1.jar%23317!/:7.4.1]
	at net.minecraft.server.packs.resources.SimplePreparableReloadListener.m_10789_(SimplePreparableReloadListener.java:13) ~[server-1.19.2-20220805.130853-srg.jar%23362!/:?]
	at java.util.concurrent.CompletableFuture$UniAccept.tryFire(CompletableFuture.java:718) ~[?:?]
	at java.util.concurrent.CompletableFuture$Completion.run(CompletableFuture.java:482) ~[?:?]
	at net.minecraft.server.packs.resources.SimpleReloadInstance.m_143940_(SimpleReloadInstance.java:69) ~[server-1.19.2-20220805.130853-srg.jar%23362!/:?]
	at net.minecraft.Util.m_214652_(Util.java:781) ~[server-1.19.2-20220805.130853-srg.jar%23362!/:?]
	at net.minecraft.Util.m_214679_(Util.java:770) ~[server-1.19.2-20220805.130853-srg.jar%23362!/:?]
	at net.minecraft.server.Main.main(Main.java:157) ~[server-1.19.2-20220805.130853-srg.jar%23362!/:?]
	at jdk.internal.reflect.NativeMethodAccessorImpl.invoke0(Native Method) ~[?:?]
	at jdk.internal.reflect.NativeMethodAccessorImpl.invoke(NativeMethodAccessorImpl.java:77) ~[?:?]
	at jdk.internal.reflect.DelegatingMethodAccessorImpl.invoke(DelegatingMethodAccessorImpl.java:43) ~[?:?]
	at java.lang.reflect.Method.invoke(Method.java:569) ~[?:?]
	at net.minecraftforge.fml.loading.targets.CommonServerLaunchHandler.lambda$launchService$0(CommonServerLaunchHandler.java:29) ~[fmlloader-1.19.2-43.5.0.jar%2373!/:?]
	at cpw.mods.modlauncher.LaunchServiceHandlerDecorator.launch(LaunchServiceHandlerDecorator.java:30) ~[modlauncher-10.0.8.jar%2355!/:?]
	at cpw.mods.modlauncher.LaunchServiceHandler.launch(LaunchServiceHandler.java:53) ~[modlauncher-10.0.8.jar%2355!/:?]
	at cpw.mods.modlauncher.LaunchServiceHandler.launch(LaunchServiceHandler.java:71) ~[modlauncher-10.0.8.jar%2355!/:?]
	at cpw.mods.modlauncher.Launcher.run(Launcher.java:106) ~[modlauncher-10.0.8.jar%2355!/:?]
	at cpw.mods.modlauncher.Launcher.main(Launcher.java:77) ~[modlauncher-10.0.8.jar%2355!/:?]
	at cpw.mods.modlauncher.BootstrapLaunchConsumer.accept(BootstrapLaunchConsumer.java:26) ~[modlauncher-10.0.8.jar%2355!/:?]
	at cpw.mods.modlauncher.BootstrapLaunchConsumer.accept(BootstrapLaunchConsumer.java:23) ~[modlauncher-10.0.8.jar%2355!/:?]
	at cpw.mods.bootstraplauncher.BootstrapLauncher.main(BootstrapLauncher.java:141) ~[bootstraplauncher-1.1.2.jar:?]
[21Nov2025 20:57:13.976] [main/ERROR] [Apotheosis : Adventure/]: Failed to execute ShieldBreakerTest
java.lang.NullPointerException: Cannot invoke "net.minecraft.world.entity.LivingEntity.m_213824_()" because "attacker" is null
	at net.minecraftforge.common.extensions.IForgeItem.canDisableShield(IForgeItem.java:674) ~[forge-1.19.2-43.5.0-universal.jar%23367!/:?]
	at net.minecraftforge.common.extensions.IForgeItemStack.canDisableShield(IForgeItemStack.java:231) ~[forge-1.19.2-43.5.0-universal.jar%23367!/:?]
	at shadows.apotheosis.adventure.loot.ShieldBreakerTest.test(ShieldBreakerTest.java:48) ~[Apotheosis-1.19.2-6.5.2.jar%23234!/:6.5.2]
	at shadows.apotheosis.adventure.loot.ShieldBreakerTest.test(ShieldBreakerTest.java:25) ~[Apotheosis-1.19.2-6.5.2.jar%23234!/:6.5.2]
	at shadows.apotheosis.adventure.loot.LootCategory.isValid(LootCategory.java:89) ~[Apotheosis-1.19.2-6.5.2.jar%23234!/:6.5.2]
	at shadows.apotheosis.adventure.loot.LootCategory.forItem(LootCategory.java:182) ~[Apotheosis-1.19.2-6.5.2.jar%23234!/:6.5.2]
	at shadows.apotheosis.adventure.loot.AffixLootEntry.getType(AffixLootEntry.java:95) ~[Apotheosis-1.19.2-6.5.2.jar%23234!/:6.5.2]
	at shadows.apotheosis.adventure.loot.AffixLootManager.validateItem(AffixLootManager.java:28) ~[Apotheosis-1.19.2-6.5.2.jar%23234!/:6.5.2]
	at shadows.apotheosis.adventure.loot.AffixLootManager.validateItem(AffixLootManager.java:11) ~[Apotheosis-1.19.2-6.5.2.jar%23234!/:6.5.2]
	at shadows.placebo.json.PlaceboJsonReloadListener.register(PlaceboJsonReloadListener.java:184) ~[Placebo-1.19.2-7.4.1.jar%23317!/:7.4.1]
	at shadows.placebo.json.WeightedJsonReloadListener.register(WeightedJsonReloadListener.java:47) ~[Placebo-1.19.2-7.4.1.jar%23317!/:7.4.1]
	at shadows.placebo.json.PlaceboJsonReloadListener.lambda$apply$0(PlaceboJsonReloadListener.java:105) ~[Placebo-1.19.2-7.4.1.jar%23317!/:7.4.1]
	at java.util.HashMap.forEach(HashMap.java:1421) ~[?:?]
	at shadows.placebo.json.PlaceboJsonReloadListener.apply(PlaceboJsonReloadListener.java:91) ~[Placebo-1.19.2-7.4.1.jar%23317!/:7.4.1]
	at shadows.placebo.json.PlaceboJsonReloadListener.m_5787_(PlaceboJsonReloadListener.java:47) ~[Placebo-1.19.2-7.4.1.jar%23317!/:7.4.1]
	at net.minecraft.server.packs.resources.SimplePreparableReloadListener.m_10789_(SimplePreparableReloadListener.java:13) ~[server-1.19.2-20220805.130853-srg.jar%23362!/:?]
	at java.util.concurrent.CompletableFuture$UniAccept.tryFire(CompletableFuture.java:718) ~[?:?]
	at java.util.concurrent.CompletableFuture$Completion.run(CompletableFuture.java:482) ~[?:?]
	at net.minecraft.server.packs.resources.SimpleReloadInstance.m_143940_(SimpleReloadInstance.java:69) ~[server-1.19.2-20220805.130853-srg.jar%23362!/:?]
	at net.minecraft.Util.m_214652_(Util.java:781) ~[server-1.19.2-20220805.130853-srg.jar%23362!/:?]
	at net.minecraft.Util.m_214679_(Util.java:770) ~[server-1.19.2-20220805.130853-srg.jar%23362!/:?]
	at net.minecraft.server.Main.main(Main.java:157) ~[server-1.19.2-20220805.130853-srg.jar%23362!/:?]
	at jdk.internal.reflect.NativeMethodAccessorImpl.invoke0(Native Method) ~[?:?]
	at jdk.internal.reflect.NativeMethodAccessorImpl.invoke(NativeMethodAccessorImpl.java:77) ~[?:?]
	at jdk.internal.reflect.DelegatingMethodAccessorImpl.invoke(DelegatingMethodAccessorImpl.java:43) ~[?:?]
	at java.lang.reflect.Method.invoke(Method.java:569) ~[?:?]
	at net.minecraftforge.fml.loading.targets.CommonServerLaunchHandler.lambda$launchService$0(CommonServerLaunchHandler.java:29) ~[fmlloader-1.19.2-43.5.0.jar%2373!/:?]
	at cpw.mods.modlauncher.LaunchServiceHandlerDecorator.launch(LaunchServiceHandlerDecorator.java:30) ~[modlauncher-10.0.8.jar%2355!/:?]
	at cpw.mods.modlauncher.LaunchServiceHandler.launch(LaunchServiceHandler.java:53) ~[modlauncher-10.0.8.jar%2355!/:?]
	at cpw.mods.modlauncher.LaunchServiceHandler.launch(LaunchServiceHandler.java:71) ~[modlauncher-10.0.8.jar%2355!/:?]
	at cpw.mods.modlauncher.Launcher.run(Launcher.java:106) ~[modlauncher-10.0.8.jar%2355!/:?]
	at cpw.mods.modlauncher.Launcher.main(Launcher.java:77) ~[modlauncher-10.0.8.jar%2355!/:?]
	at cpw.mods.modlauncher.BootstrapLaunchConsumer.accept(BootstrapLaunchConsumer.java:26) ~[modlauncher-10.0.8.jar%2355!/:?]
	at cpw.mods.modlauncher.BootstrapLaunchConsumer.accept(BootstrapLaunchConsumer.java:23) ~[modlauncher-10.0.8.jar%2355!/:?]
	at cpw.mods.bootstraplauncher.BootstrapLauncher.main(BootstrapLauncher.java:141) ~[bootstraplauncher-1.1.2.jar:?]
[21Nov2025 20:57:13.980] [main/ERROR] [Apotheosis : Adventure/]: Failed to execute ShieldBreakerTest
java.lang.NullPointerException: Cannot invoke "net.minecraft.world.entity.LivingEntity.m_213824_()" because "attacker" is null
	at net.minecraftforge.common.extensions.IForgeItem.canDisableShield(IForgeItem.java:674) ~[forge-1.19.2-43.5.0-universal.jar%23367!/:?]
	at net.minecraftforge.common.extensions.IForgeItemStack.canDisableShield(IForgeItemStack.java:231) ~[forge-1.19.2-43.5.0-universal.jar%23367!/:?]
	at shadows.apotheosis.adventure.loot.ShieldBreakerTest.test(ShieldBreakerTest.java:48) ~[Apotheosis-1.19.2-6.5.2.jar%23234!/:6.5.2]
	at shadows.apotheosis.adventure.loot.ShieldBreakerTest.test(ShieldBreakerTest.java:25) ~[Apotheosis-1.19.2-6.5.2.jar%23234!/:6.5.2]
	at shadows.apotheosis.adventure.loot.LootCategory.isValid(LootCategory.java:89) ~[Apotheosis-1.19.2-6.5.2.jar%23234!/:6.5.2]
	at shadows.apotheosis.adventure.loot.LootCategory.forItem(LootCategory.java:182) ~[Apotheosis-1.19.2-6.5.2.jar%23234!/:6.5.2]
	at shadows.apotheosis.adventure.loot.AffixLootEntry.getType(AffixLootEntry.java:95) ~[Apotheosis-1.19.2-6.5.2.jar%23234!/:6.5.2]
	at shadows.apotheosis.adventure.loot.AffixLootManager.validateItem(AffixLootManager.java:28) ~[Apotheosis-1.19.2-6.5.2.jar%23234!/:6.5.2]
	at shadows.apotheosis.adventure.loot.AffixLootManager.validateItem(AffixLootManager.java:11) ~[Apotheosis-1.19.2-6.5.2.jar%23234!/:6.5.2]
	at shadows.placebo.json.PlaceboJsonReloadListener.register(PlaceboJsonReloadListener.java:184) ~[Placebo-1.19.2-7.4.1.jar%23317!/:7.4.1]
	at shadows.placebo.json.WeightedJsonReloadListener.register(WeightedJsonReloadListener.java:47) ~[Placebo-1.19.2-7.4.1.jar%23317!/:7.4.1]
	at shadows.placebo.json.PlaceboJsonReloadListener.lambda$apply$0(PlaceboJsonReloadListener.java:105) ~[Placebo-1.19.2-7.4.1.jar%23317!/:7.4.1]
	at java.util.HashMap.forEach(HashMap.java:1421) ~[?:?]
	at shadows.placebo.json.PlaceboJsonReloadListener.apply(PlaceboJsonReloadListener.java:91) ~[Placebo-1.19.2-7.4.1.jar%23317!/:7.4.1]
	at shadows.placebo.json.PlaceboJsonReloadListener.m_5787_(PlaceboJsonReloadListener.java:47) ~[Placebo-1.19.2-7.4.1.jar%23317!/:7.4.1]
	at net.minecraft.server.packs.resources.SimplePreparableReloadListener.m_10789_(SimplePreparableReloadListener.java:13) ~[server-1.19.2-20220805.130853-srg.jar%23362!/:?]
	at java.util.concurrent.CompletableFuture$UniAccept.tryFire(CompletableFuture.java:718) ~[?:?]
	at java.util.concurrent.CompletableFuture$Completion.run(CompletableFuture.java:482) ~[?:?]
	at net.minecraft.server.packs.resources.SimpleReloadInstance.m_143940_(SimpleReloadInstance.java:69) ~[server-1.19.2-20220805.130853-srg.jar%23362!/:?]
	at net.minecraft.Util.m_214652_(Util.java:781) ~[server-1.19.2-20220805.130853-srg.jar%23362!/:?]
	at net.minecraft.Util.m_214679_(Util.java:770) ~[server-1.19.2-20220805.130853-srg.jar%23362!/:?]
	at net.minecraft.server.Main.main(Main.java:157) ~[server-1.19.2-20220805.130853-srg.jar%23362!/:?]
	at jdk.internal.reflect.NativeMethodAccessorImpl.invoke0(Native Method) ~[?:?]
	at jdk.internal.reflect.NativeMethodAccessorImpl.invoke(NativeMethodAccessorImpl.java:77) ~[?:?]
	at jdk.internal.reflect.DelegatingMethodAccessorImpl.invoke(DelegatingMethodAccessorImpl.java:43) ~[?:?]
	at java.lang.reflect.Method.invoke(Method.java:569) ~[?:?]
	at net.minecraftforge.fml.loading.targets.CommonServerLaunchHandler.lambda$launchService$0(CommonServerLaunchHandler.java:29) ~[fmlloader-1.19.2-43.5.0.jar%2373!/:?]
	at cpw.mods.modlauncher.LaunchServiceHandlerDecorator.launch(LaunchServiceHandlerDecorator.java:30) ~[modlauncher-10.0.8.jar%2355!/:?]
	at cpw.mods.modlauncher.LaunchServiceHandler.launch(LaunchServiceHandler.java:53) ~[modlauncher-10.0.8.jar%2355!/:?]
	at cpw.mods.modlauncher.LaunchServiceHandler.launch(LaunchServiceHandler.java:71) ~[modlauncher-10.0.8.jar%2355!/:?]
	at cpw.mods.modlauncher.Launcher.run(Launcher.java:106) ~[modlauncher-10.0.8.jar%2355!/:?]
	at cpw.mods.modlauncher.Launcher.main(Launcher.java:77) ~[modlauncher-10.0.8.jar%2355!/:?]
	at cpw.mods.modlauncher.BootstrapLaunchConsumer.accept(BootstrapLaunchConsumer.java:26) ~[modlauncher-10.0.8.jar%2355!/:?]
	at cpw.mods.modlauncher.BootstrapLaunchConsumer.accept(BootstrapLaunchConsumer.java:23) ~[modlauncher-10.0.8.jar%2355!/:?]
	at cpw.mods.bootstraplauncher.BootstrapLauncher.main(BootstrapLauncher.java:141) ~[bootstraplauncher-1.1.2.jar:?]
[21Nov2025 20:57:13.981] [main/ERROR] [Apotheosis : Adventure/]: Failed to execute ShieldBreakerTest
java.lang.NullPointerException: Cannot invoke "net.minecraft.world.entity.LivingEntity.m_213824_()" because "attacker" is null
	at net.minecraftforge.common.extensions.IForgeItem.canDisableShield(IForgeItem.java:674) ~[forge-1.19.2-43.5.0-universal.jar%23367!/:?]
	at net.minecraftforge.common.extensions.IForgeItemStack.canDisableShield(IForgeItemStack.java:231) ~[forge-1.19.2-43.5.0-universal.jar%23367!/:?]
	at shadows.apotheosis.adventure.loot.ShieldBreakerTest.test(ShieldBreakerTest.java:48) ~[Apotheosis-1.19.2-6.5.2.jar%23234!/:6.5.2]
	at shadows.apotheosis.adventure.loot.ShieldBreakerTest.test(ShieldBreakerTest.java:25) ~[Apotheosis-1.19.2-6.5.2.jar%23234!/:6.5.2]
	at shadows.apotheosis.adventure.loot.LootCategory.isValid(LootCategory.java:89) ~[Apotheosis-1.19.2-6.5.2.jar%23234!/:6.5.2]
	at shadows.apotheosis.adventure.loot.LootCategory.forItem(LootCategory.java:182) ~[Apotheosis-1.19.2-6.5.2.jar%23234!/:6.5.2]
	at shadows.apotheosis.adventure.loot.AffixLootEntry.getType(AffixLootEntry.java:95) ~[Apotheosis-1.19.2-6.5.2.jar%23234!/:6.5.2]
	at shadows.apotheosis.adventure.loot.AffixLootManager.validateItem(AffixLootManager.java:28) ~[Apotheosis-1.19.2-6.5.2.jar%23234!/:6.5.2]
	at shadows.apotheosis.adventure.loot.AffixLootManager.validateItem(AffixLootManager.java:11) ~[Apotheosis-1.19.2-6.5.2.jar%23234!/:6.5.2]
	at shadows.placebo.json.PlaceboJsonReloadListener.register(PlaceboJsonReloadListener.java:184) ~[Placebo-1.19.2-7.4.1.jar%23317!/:7.4.1]
	at shadows.placebo.json.WeightedJsonReloadListener.register(WeightedJsonReloadListener.java:47) ~[Placebo-1.19.2-7.4.1.jar%23317!/:7.4.1]
	at shadows.placebo.json.PlaceboJsonReloadListener.lambda$apply$0(PlaceboJsonReloadListener.java:105) ~[Placebo-1.19.2-7.4.1.jar%23317!/:7.4.1]
	at java.util.HashMap.forEach(HashMap.java:1421) ~[?:?]
	at shadows.placebo.json.PlaceboJsonReloadListener.apply(PlaceboJsonReloadListener.java:91) ~[Placebo-1.19.2-7.4.1.jar%23317!/:7.4.1]
	at shadows.placebo.json.PlaceboJsonReloadListener.m_5787_(PlaceboJsonReloadListener.java:47) ~[Placebo-1.19.2-7.4.1.jar%23317!/:7.4.1]
	at net.minecraft.server.packs.resources.SimplePreparableReloadListener.m_10789_(SimplePreparableReloadListener.java:13) ~[server-1.19.2-20220805.130853-srg.jar%23362!/:?]
	at java.util.concurrent.CompletableFuture$UniAccept.tryFire(CompletableFuture.java:718) ~[?:?]
	at java.util.concurrent.CompletableFuture$Completion.run(CompletableFuture.java:482) ~[?:?]
	at net.minecraft.server.packs.resources.SimpleReloadInstance.m_143940_(SimpleReloadInstance.java:69) ~[server-1.19.2-20220805.130853-srg.jar%23362!/:?]
	at net.minecraft.Util.m_214652_(Util.java:781) ~[server-1.19.2-20220805.130853-srg.jar%23362!/:?]
	at net.minecraft.Util.m_214679_(Util.java:770) ~[server-1.19.2-20220805.130853-srg.jar%23362!/:?]
	at net.minecraft.server.Main.main(Main.java:157) ~[server-1.19.2-20220805.130853-srg.jar%23362!/:?]
	at jdk.internal.reflect.NativeMethodAccessorImpl.invoke0(Native Method) ~[?:?]
	at jdk.internal.reflect.NativeMethodAccessorImpl.invoke(NativeMethodAccessorImpl.java:77) ~[?:?]
	at jdk.internal.reflect.DelegatingMethodAccessorImpl.invoke(DelegatingMethodAccessorImpl.java:43) ~[?:?]
	at java.lang.reflect.Method.invoke(Method.java:569) ~[?:?]
	at net.minecraftforge.fml.loading.targets.CommonServerLaunchHandler.lambda$launchService$0(CommonServerLaunchHandler.java:29) ~[fmlloader-1.19.2-43.5.0.jar%2373!/:?]
	at cpw.mods.modlauncher.LaunchServiceHandlerDecorator.launch(LaunchServiceHandlerDecorator.java:30) ~[modlauncher-10.0.8.jar%2355!/:?]
	at cpw.mods.modlauncher.LaunchServiceHandler.launch(LaunchServiceHandler.java:53) ~[modlauncher-10.0.8.jar%2355!/:?]
	at cpw.mods.modlauncher.LaunchServiceHandler.launch(LaunchServiceHandler.java:71) ~[modlauncher-10.0.8.jar%2355!/:?]
	at cpw.mods.modlauncher.Launcher.run(Launcher.java:106) ~[modlauncher-10.0.8.jar%2355!/:?]
	at cpw.mods.modlauncher.Launcher.main(Launcher.java:77) ~[modlauncher-10.0.8.jar%2355!/:?]
	at cpw.mods.modlauncher.BootstrapLaunchConsumer.accept(BootstrapLaunchConsumer.java:26) ~[modlauncher-10.0.8.jar%2355!/:?]
	at cpw.mods.modlauncher.BootstrapLaunchConsumer.accept(BootstrapLaunchConsumer.java:23) ~[modlauncher-10.0.8.jar%2355!/:?]
	at cpw.mods.bootstraplauncher.BootstrapLauncher.main(BootstrapLauncher.java:141) ~[bootstraplauncher-1.1.2.jar:?]
[21Nov2025 20:57:13.985] [main/ERROR] [Apotheosis : Adventure/]: Failed to execute ShieldBreakerTest
java.lang.NullPointerException: Cannot invoke "net.minecraft.world.entity.LivingEntity.m_213824_()" because "attacker" is null
	at net.minecraftforge.common.extensions.IForgeItem.canDisableShield(IForgeItem.java:674) ~[forge-1.19.2-43.5.0-universal.jar%23367!/:?]
	at net.minecraftforge.common.extensions.IForgeItemStack.canDisableShield(IForgeItemStack.java:231) ~[forge-1.19.2-43.5.0-universal.jar%23367!/:?]
	at shadows.apotheosis.adventure.loot.ShieldBreakerTest.test(ShieldBreakerTest.java:48) ~[Apotheosis-1.19.2-6.5.2.jar%23234!/:6.5.2]
	at shadows.apotheosis.adventure.loot.ShieldBreakerTest.test(ShieldBreakerTest.java:25) ~[Apotheosis-1.19.2-6.5.2.jar%23234!/:6.5.2]
	at shadows.apotheosis.adventure.loot.LootCategory.isValid(LootCategory.java:89) ~[Apotheosis-1.19.2-6.5.2.jar%23234!/:6.5.2]
	at shadows.apotheosis.adventure.loot.LootCategory.forItem(LootCategory.java:182) ~[Apotheosis-1.19.2-6.5.2.jar%23234!/:6.5.2]
	at shadows.apotheosis.adventure.loot.AffixLootEntry.getType(AffixLootEntry.java:95) ~[Apotheosis-1.19.2-6.5.2.jar%23234!/:6.5.2]
	at shadows.apotheosis.adventure.loot.AffixLootManager.validateItem(AffixLootManager.java:28) ~[Apotheosis-1.19.2-6.5.2.jar%23234!/:6.5.2]
	at shadows.apotheosis.adventure.loot.AffixLootManager.validateItem(AffixLootManager.java:11) ~[Apotheosis-1.19.2-6.5.2.jar%23234!/:6.5.2]
	at shadows.placebo.json.PlaceboJsonReloadListener.register(PlaceboJsonReloadListener.java:184) ~[Placebo-1.19.2-7.4.1.jar%23317!/:7.4.1]
	at shadows.placebo.json.WeightedJsonReloadListener.register(WeightedJsonReloadListener.java:47) ~[Placebo-1.19.2-7.4.1.jar%23317!/:7.4.1]
	at shadows.placebo.json.PlaceboJsonReloadListener.lambda$apply$0(PlaceboJsonReloadListener.java:105) ~[Placebo-1.19.2-7.4.1.jar%23317!/:7.4.1]
	at java.util.HashMap.forEach(HashMap.java:1421) ~[?:?]
	at shadows.placebo.json.PlaceboJsonReloadListener.apply(PlaceboJsonReloadListener.java:91) ~[Placebo-1.19.2-7.4.1.jar%23317!/:7.4.1]
	at shadows.placebo.json.PlaceboJsonReloadListener.m_5787_(PlaceboJsonReloadListener.java:47) ~[Placebo-1.19.2-7.4.1.jar%23317!/:7.4.1]
	at net.minecraft.server.packs.resources.SimplePreparableReloadListener.m_10789_(SimplePreparableReloadListener.java:13) ~[server-1.19.2-20220805.130853-srg.jar%23362!/:?]
	at java.util.concurrent.CompletableFuture$UniAccept.tryFire(CompletableFuture.java:718) ~[?:?]
	at java.util.concurrent.CompletableFuture$Completion.run(CompletableFuture.java:482) ~[?:?]
	at net.minecraft.server.packs.resources.SimpleReloadInstance.m_143940_(SimpleReloadInstance.java:69) ~[server-1.19.2-20220805.130853-srg.jar%23362!/:?]
	at net.minecraft.Util.m_214652_(Util.java:781) ~[server-1.19.2-20220805.130853-srg.jar%23362!/:?]
	at net.minecraft.Util.m_214679_(Util.java:770) ~[server-1.19.2-20220805.130853-srg.jar%23362!/:?]
	at net.minecraft.server.Main.main(Main.java:157) ~[server-1.19.2-20220805.130853-srg.jar%23362!/:?]
	at jdk.internal.reflect.NativeMethodAccessorImpl.invoke0(Native Method) ~[?:?]
	at jdk.internal.reflect.NativeMethodAccessorImpl.invoke(NativeMethodAccessorImpl.java:77) ~[?:?]
	at jdk.internal.reflect.DelegatingMethodAccessorImpl.invoke(DelegatingMethodAccessorImpl.java:43) ~[?:?]
	at java.lang.reflect.Method.invoke(Method.java:569) ~[?:?]
	at net.minecraftforge.fml.loading.targets.CommonServerLaunchHandler.lambda$launchService$0(CommonServerLaunchHandler.java:29) ~[fmlloader-1.19.2-43.5.0.jar%2373!/:?]
	at cpw.mods.modlauncher.LaunchServiceHandlerDecorator.launch(LaunchServiceHandlerDecorator.java:30) ~[modlauncher-10.0.8.jar%2355!/:?]
	at cpw.mods.modlauncher.LaunchServiceHandler.launch(LaunchServiceHandler.java:53) ~[modlauncher-10.0.8.jar%2355!/:?]
	at cpw.mods.modlauncher.LaunchServiceHandler.launch(LaunchServiceHandler.java:71) ~[modlauncher-10.0.8.jar%2355!/:?]
	at cpw.mods.modlauncher.Launcher.run(Launcher.java:106) ~[modlauncher-10.0.8.jar%2355!/:?]
	at cpw.mods.modlauncher.Launcher.main(Launcher.java:77) ~[modlauncher-10.0.8.jar%2355!/:?]
	at cpw.mods.modlauncher.BootstrapLaunchConsumer.accept(BootstrapLaunchConsumer.java:26) ~[modlauncher-10.0.8.jar%2355!/:?]
	at cpw.mods.modlauncher.BootstrapLaunchConsumer.accept(BootstrapLaunchConsumer.java:23) ~[modlauncher-10.0.8.jar%2355!/:?]
	at cpw.mods.bootstraplauncher.BootstrapLauncher.main(BootstrapLauncher.java:141) ~[bootstraplauncher-1.1.2.jar:?]
[21Nov2025 20:57:13.987] [main/ERROR] [Apotheosis : Adventure/]: Failed to execute ShieldBreakerTest
java.lang.NullPointerException: Cannot invoke "net.minecraft.world.entity.LivingEntity.m_213824_()" because "attacker" is null
	at net.minecraftforge.common.extensions.IForgeItem.canDisableShield(IForgeItem.java:674) ~[forge-1.19.2-43.5.0-universal.jar%23367!/:?]
	at net.minecraftforge.common.extensions.IForgeItemStack.canDisableShield(IForgeItemStack.java:231) ~[forge-1.19.2-43.5.0-universal.jar%23367!/:?]
	at shadows.apotheosis.adventure.loot.ShieldBreakerTest.test(ShieldBreakerTest.java:48) ~[Apotheosis-1.19.2-6.5.2.jar%23234!/:6.5.2]
	at shadows.apotheosis.adventure.loot.ShieldBreakerTest.test(ShieldBreakerTest.java:25) ~[Apotheosis-1.19.2-6.5.2.jar%23234!/:6.5.2]
	at shadows.apotheosis.adventure.loot.LootCategory.isValid(LootCategory.java:89) ~[Apotheosis-1.19.2-6.5.2.jar%23234!/:6.5.2]
	at shadows.apotheosis.adventure.loot.LootCategory.forItem(LootCategory.java:182) ~[Apotheosis-1.19.2-6.5.2.jar%23234!/:6.5.2]
	at shadows.apotheosis.adventure.loot.AffixLootEntry.getType(AffixLootEntry.java:95) ~[Apotheosis-1.19.2-6.5.2.jar%23234!/:6.5.2]
	at shadows.apotheosis.adventure.loot.AffixLootManager.validateItem(AffixLootManager.java:28) ~[Apotheosis-1.19.2-6.5.2.jar%23234!/:6.5.2]
	at shadows.apotheosis.adventure.loot.AffixLootManager.validateItem(AffixLootManager.java:11) ~[Apotheosis-1.19.2-6.5.2.jar%23234!/:6.5.2]
	at shadows.placebo.json.PlaceboJsonReloadListener.register(PlaceboJsonReloadListener.java:184) ~[Placebo-1.19.2-7.4.1.jar%23317!/:7.4.1]
	at shadows.placebo.json.WeightedJsonReloadListener.register(WeightedJsonReloadListener.java:47) ~[Placebo-1.19.2-7.4.1.jar%23317!/:7.4.1]
	at shadows.placebo.json.PlaceboJsonReloadListener.lambda$apply$0(PlaceboJsonReloadListener.java:105) ~[Placebo-1.19.2-7.4.1.jar%23317!/:7.4.1]
	at java.util.HashMap.forEach(HashMap.java:1421) ~[?:?]
	at shadows.placebo.json.PlaceboJsonReloadListener.apply(PlaceboJsonReloadListener.java:91) ~[Placebo-1.19.2-7.4.1.jar%23317!/:7.4.1]
	at shadows.placebo.json.PlaceboJsonReloadListener.m_5787_(PlaceboJsonReloadListener.java:47) ~[Placebo-1.19.2-7.4.1.jar%23317!/:7.4.1]
	at net.minecraft.server.packs.resources.SimplePreparableReloadListener.m_10789_(SimplePreparableReloadListener.java:13) ~[server-1.19.2-20220805.130853-srg.jar%23362!/:?]
	at java.util.concurrent.CompletableFuture$UniAccept.tryFire(CompletableFuture.java:718) ~[?:?]
	at java.util.concurrent.CompletableFuture$Completion.run(CompletableFuture.java:482) ~[?:?]
	at net.minecraft.server.packs.resources.SimpleReloadInstance.m_143940_(SimpleReloadInstance.java:69) ~[server-1.19.2-20220805.130853-srg.jar%23362!/:?]
	at net.minecraft.Util.m_214652_(Util.java:781) ~[server-1.19.2-20220805.130853-srg.jar%23362!/:?]
	at net.minecraft.Util.m_214679_(Util.java:770) ~[server-1.19.2-20220805.130853-srg.jar%23362!/:?]
	at net.minecraft.server.Main.main(Main.java:157) ~[server-1.19.2-20220805.130853-srg.jar%23362!/:?]
	at jdk.internal.reflect.NativeMethodAccessorImpl.invoke0(Native Method) ~[?:?]
	at jdk.internal.reflect.NativeMethodAccessorImpl.invoke(NativeMethodAccessorImpl.java:77) ~[?:?]
	at jdk.internal.reflect.DelegatingMethodAccessorImpl.invoke(DelegatingMethodAccessorImpl.java:43) ~[?:?]
	at java.lang.reflect.Method.invoke(Method.java:569) ~[?:?]
	at net.minecraftforge.fml.loading.targets.CommonServerLaunchHandler.lambda$launchService$0(CommonServerLaunchHandler.java:29) ~[fmlloader-1.19.2-43.5.0.jar%2373!/:?]
	at cpw.mods.modlauncher.LaunchServiceHandlerDecorator.launch(LaunchServiceHandlerDecorator.java:30) ~[modlauncher-10.0.8.jar%2355!/:?]
	at cpw.mods.modlauncher.LaunchServiceHandler.launch(LaunchServiceHandler.java:53) ~[modlauncher-10.0.8.jar%2355!/:?]
	at cpw.mods.modlauncher.LaunchServiceHandler.launch(LaunchServiceHandler.java:71) ~[modlauncher-10.0.8.jar%2355!/:?]
	at cpw.mods.modlauncher.Launcher.run(Launcher.java:106) ~[modlauncher-10.0.8.jar%2355!/:?]
	at cpw.mods.modlauncher.Launcher.main(Launcher.java:77) ~[modlauncher-10.0.8.jar%2355!/:?]
	at cpw.mods.modlauncher.BootstrapLaunchConsumer.accept(BootstrapLaunchConsumer.java:26) ~[modlauncher-10.0.8.jar%2355!/:?]
	at cpw.mods.modlauncher.BootstrapLaunchConsumer.accept(BootstrapLaunchConsumer.java:23) ~[modlauncher-10.0.8.jar%2355!/:?]
	at cpw.mods.bootstraplauncher.BootstrapLauncher.main(BootstrapLauncher.java:141) ~[bootstraplauncher-1.1.2.jar:?]
[21Nov2025 20:57:13.989] [main/ERROR] [Apotheosis : Adventure/]: Failed to execute ShieldBreakerTest
java.lang.NullPointerException: Cannot invoke "net.minecraft.world.entity.LivingEntity.m_213824_()" because "attacker" is null
	at net.minecraftforge.common.extensions.IForgeItem.canDisableShield(IForgeItem.java:674) ~[forge-1.19.2-43.5.0-universal.jar%23367!/:?]
	at net.minecraftforge.common.extensions.IForgeItemStack.canDisableShield(IForgeItemStack.java:231) ~[forge-1.19.2-43.5.0-universal.jar%23367!/:?]
	at shadows.apotheosis.adventure.loot.ShieldBreakerTest.test(ShieldBreakerTest.java:48) ~[Apotheosis-1.19.2-6.5.2.jar%23234!/:6.5.2]
	at shadows.apotheosis.adventure.loot.ShieldBreakerTest.test(ShieldBreakerTest.java:25) ~[Apotheosis-1.19.2-6.5.2.jar%23234!/:6.5.2]
	at shadows.apotheosis.adventure.loot.LootCategory.isValid(LootCategory.java:89) ~[Apotheosis-1.19.2-6.5.2.jar%23234!/:6.5.2]
	at shadows.apotheosis.adventure.loot.LootCategory.forItem(LootCategory.java:182) ~[Apotheosis-1.19.2-6.5.2.jar%23234!/:6.5.2]
	at shadows.apotheosis.adventure.loot.AffixLootEntry.getType(AffixLootEntry.java:95) ~[Apotheosis-1.19.2-6.5.2.jar%23234!/:6.5.2]
	at shadows.apotheosis.adventure.loot.AffixLootManager.validateItem(AffixLootManager.java:28) ~[Apotheosis-1.19.2-6.5.2.jar%23234!/:6.5.2]
	at shadows.apotheosis.adventure.loot.AffixLootManager.validateItem(AffixLootManager.java:11) ~[Apotheosis-1.19.2-6.5.2.jar%23234!/:6.5.2]
	at shadows.placebo.json.PlaceboJsonReloadListener.register(PlaceboJsonReloadListener.java:184) ~[Placebo-1.19.2-7.4.1.jar%23317!/:7.4.1]
	at shadows.placebo.json.WeightedJsonReloadListener.register(WeightedJsonReloadListener.java:47) ~[Placebo-1.19.2-7.4.1.jar%23317!/:7.4.1]
	at shadows.placebo.json.PlaceboJsonReloadListener.lambda$apply$0(PlaceboJsonReloadListener.java:105) ~[Placebo-1.19.2-7.4.1.jar%23317!/:7.4.1]
	at java.util.HashMap.forEach(HashMap.java:1421) ~[?:?]
	at shadows.placebo.json.PlaceboJsonReloadListener.apply(PlaceboJsonReloadListener.java:91) ~[Placebo-1.19.2-7.4.1.jar%23317!/:7.4.1]
	at shadows.placebo.json.PlaceboJsonReloadListener.m_5787_(PlaceboJsonReloadListener.java:47) ~[Placebo-1.19.2-7.4.1.jar%23317!/:7.4.1]
	at net.minecraft.server.packs.resources.SimplePreparableReloadListener.m_10789_(SimplePreparableReloadListener.java:13) ~[server-1.19.2-20220805.130853-srg.jar%23362!/:?]
	at java.util.concurrent.CompletableFuture$UniAccept.tryFire(CompletableFuture.java:718) ~[?:?]
	at java.util.concurrent.CompletableFuture$Completion.run(CompletableFuture.java:482) ~[?:?]
	at net.minecraft.server.packs.resources.SimpleReloadInstance.m_143940_(SimpleReloadInstance.java:69) ~[server-1.19.2-20220805.130853-srg.jar%23362!/:?]
	at net.minecraft.Util.m_214652_(Util.java:781) ~[server-1.19.2-20220805.130853-srg.jar%23362!/:?]
	at net.minecraft.Util.m_214679_(Util.java:770) ~[server-1.19.2-20220805.130853-srg.jar%23362!/:?]
	at net.minecraft.server.Main.main(Main.java:157) ~[server-1.19.2-20220805.130853-srg.jar%23362!/:?]
	at jdk.internal.reflect.NativeMethodAccessorImpl.invoke0(Native Method) ~[?:?]
	at jdk.internal.reflect.NativeMethodAccessorImpl.invoke(NativeMethodAccessorImpl.java:77) ~[?:?]
	at jdk.internal.reflect.DelegatingMethodAccessorImpl.invoke(DelegatingMethodAccessorImpl.java:43) ~[?:?]
	at java.lang.reflect.Method.invoke(Method.java:569) ~[?:?]
	at net.minecraftforge.fml.loading.targets.CommonServerLaunchHandler.lambda$launchService$0(CommonServerLaunchHandler.java:29) ~[fmlloader-1.19.2-43.5.0.jar%2373!/:?]
	at cpw.mods.modlauncher.LaunchServiceHandlerDecorator.launch(LaunchServiceHandlerDecorator.java:30) ~[modlauncher-10.0.8.jar%2355!/:?]
	at cpw.mods.modlauncher.LaunchServiceHandler.launch(LaunchServiceHandler.java:53) ~[modlauncher-10.0.8.jar%2355!/:?]
	at cpw.mods.modlauncher.LaunchServiceHandler.launch(LaunchServiceHandler.java:71) ~[modlauncher-10.0.8.jar%2355!/:?]
	at cpw.mods.modlauncher.Launcher.run(Launcher.java:106) ~[modlauncher-10.0.8.jar%2355!/:?]
	at cpw.mods.modlauncher.Launcher.main(Launcher.java:77) ~[modlauncher-10.0.8.jar%2355!/:?]
	at cpw.mods.modlauncher.BootstrapLaunchConsumer.accept(BootstrapLaunchConsumer.java:26) ~[modlauncher-10.0.8.jar%2355!/:?]
	at cpw.mods.modlauncher.BootstrapLaunchConsumer.accept(BootstrapLaunchConsumer.java:23) ~[modlauncher-10.0.8.jar%2355!/:?]
	at cpw.mods.bootstraplauncher.BootstrapLauncher.main(BootstrapLauncher.java:141) ~[bootstraplauncher-1.1.2.jar:?]
[21Nov2025 20:57:13.991] [main/ERROR] [Apotheosis : Adventure/]: Failed to execute ShieldBreakerTest
java.lang.NullPointerException: Cannot invoke "net.minecraft.world.entity.LivingEntity.m_213824_()" because "attacker" is null
	at net.minecraftforge.common.extensions.IForgeItem.canDisableShield(IForgeItem.java:674) ~[forge-1.19.2-43.5.0-universal.jar%23367!/:?]
	at net.minecraftforge.common.extensions.IForgeItemStack.canDisableShield(IForgeItemStack.java:231) ~[forge-1.19.2-43.5.0-universal.jar%23367!/:?]
	at shadows.apotheosis.adventure.loot.ShieldBreakerTest.test(ShieldBreakerTest.java:48) ~[Apotheosis-1.19.2-6.5.2.jar%23234!/:6.5.2]
	at shadows.apotheosis.adventure.loot.ShieldBreakerTest.test(ShieldBreakerTest.java:25) ~[Apotheosis-1.19.2-6.5.2.jar%23234!/:6.5.2]
	at shadows.apotheosis.adventure.loot.LootCategory.isValid(LootCategory.java:89) ~[Apotheosis-1.19.2-6.5.2.jar%23234!/:6.5.2]
	at shadows.apotheosis.adventure.loot.LootCategory.forItem(LootCategory.java:182) ~[Apotheosis-1.19.2-6.5.2.jar%23234!/:6.5.2]
	at shadows.apotheosis.adventure.loot.AffixLootEntry.getType(AffixLootEntry.java:95) ~[Apotheosis-1.19.2-6.5.2.jar%23234!/:6.5.2]
	at shadows.apotheosis.adventure.loot.AffixLootManager.validateItem(AffixLootManager.java:28) ~[Apotheosis-1.19.2-6.5.2.jar%23234!/:6.5.2]
	at shadows.apotheosis.adventure.loot.AffixLootManager.validateItem(AffixLootManager.java:11) ~[Apotheosis-1.19.2-6.5.2.jar%23234!/:6.5.2]
	at shadows.placebo.json.PlaceboJsonReloadListener.register(PlaceboJsonReloadListener.java:184) ~[Placebo-1.19.2-7.4.1.jar%23317!/:7.4.1]
	at shadows.placebo.json.WeightedJsonReloadListener.register(WeightedJsonReloadListener.java:47) ~[Placebo-1.19.2-7.4.1.jar%23317!/:7.4.1]
	at shadows.placebo.json.PlaceboJsonReloadListener.lambda$apply$0(PlaceboJsonReloadListener.java:105) ~[Placebo-1.19.2-7.4.1.jar%23317!/:7.4.1]
	at java.util.HashMap.forEach(HashMap.java:1421) ~[?:?]
	at shadows.placebo.json.PlaceboJsonReloadListener.apply(PlaceboJsonReloadListener.java:91) ~[Placebo-1.19.2-7.4.1.jar%23317!/:7.4.1]
	at shadows.placebo.json.PlaceboJsonReloadListener.m_5787_(PlaceboJsonReloadListener.java:47) ~[Placebo-1.19.2-7.4.1.jar%23317!/:7.4.1]
	at net.minecraft.server.packs.resources.SimplePreparableReloadListener.m_10789_(SimplePreparableReloadListener.java:13) ~[server-1.19.2-20220805.130853-srg.jar%23362!/:?]
	at java.util.concurrent.CompletableFuture$UniAccept.tryFire(CompletableFuture.java:718) ~[?:?]
	at java.util.concurrent.CompletableFuture$Completion.run(CompletableFuture.java:482) ~[?:?]
	at net.minecraft.server.packs.resources.SimpleReloadInstance.m_143940_(SimpleReloadInstance.java:69) ~[server-1.19.2-20220805.130853-srg.jar%23362!/:?]
	at net.minecraft.Util.m_214652_(Util.java:781) ~[server-1.19.2-20220805.130853-srg.jar%23362!/:?]
	at net.minecraft.Util.m_214679_(Util.java:770) ~[server-1.19.2-20220805.130853-srg.jar%23362!/:?]
	at net.minecraft.server.Main.main(Main.java:157) ~[server-1.19.2-20220805.130853-srg.jar%23362!/:?]
	at jdk.internal.reflect.NativeMethodAccessorImpl.invoke0(Native Method) ~[?:?]
	at jdk.internal.reflect.NativeMethodAccessorImpl.invoke(NativeMethodAccessorImpl.java:77) ~[?:?]
	at jdk.internal.reflect.DelegatingMethodAccessorImpl.invoke(DelegatingMethodAccessorImpl.java:43) ~[?:?]
	at java.lang.reflect.Method.invoke(Method.java:569) ~[?:?]
	at net.minecraftforge.fml.loading.targets.CommonServerLaunchHandler.lambda$launchService$0(CommonServerLaunchHandler.java:29) ~[fmlloader-1.19.2-43.5.0.jar%2373!/:?]
	at cpw.mods.modlauncher.LaunchServiceHandlerDecorator.launch(LaunchServiceHandlerDecorator.java:30) ~[modlauncher-10.0.8.jar%2355!/:?]
	at cpw.mods.modlauncher.LaunchServiceHandler.launch(LaunchServiceHandler.java:53) ~[modlauncher-10.0.8.jar%2355!/:?]
	at cpw.mods.modlauncher.LaunchServiceHandler.launch(LaunchServiceHandler.java:71) ~[modlauncher-10.0.8.jar%2355!/:?]
	at cpw.mods.modlauncher.Launcher.run(Launcher.java:106) ~[modlauncher-10.0.8.jar%2355!/:?]
	at cpw.mods.modlauncher.Launcher.main(Launcher.java:77) ~[modlauncher-10.0.8.jar%2355!/:?]
	at cpw.mods.modlauncher.BootstrapLaunchConsumer.accept(BootstrapLaunchConsumer.java:26) ~[modlauncher-10.0.8.jar%2355!/:?]
	at cpw.mods.modlauncher.BootstrapLaunchConsumer.accept(BootstrapLaunchConsumer.java:23) ~[modlauncher-10.0.8.jar%2355!/:?]
	at cpw.mods.bootstraplauncher.BootstrapLauncher.main(BootstrapLauncher.java:141) ~[bootstraplauncher-1.1.2.jar:?]
[21Nov2025 20:57:13.994] [main/ERROR] [Apotheosis : Adventure/]: Failed to execute ShieldBreakerTest
java.lang.NullPointerException: Cannot invoke "net.minecraft.world.entity.LivingEntity.m_213824_()" because "attacker" is null
	at net.minecraftforge.common.extensions.IForgeItem.canDisableShield(IForgeItem.java:674) ~[forge-1.19.2-43.5.0-universal.jar%23367!/:?]
	at net.minecraftforge.common.extensions.IForgeItemStack.canDisableShield(IForgeItemStack.java:231) ~[forge-1.19.2-43.5.0-universal.jar%23367!/:?]
	at shadows.apotheosis.adventure.loot.ShieldBreakerTest.test(ShieldBreakerTest.java:48) ~[Apotheosis-1.19.2-6.5.2.jar%23234!/:6.5.2]
	at shadows.apotheosis.adventure.loot.ShieldBreakerTest.test(ShieldBreakerTest.java:25) ~[Apotheosis-1.19.2-6.5.2.jar%23234!/:6.5.2]
	at shadows.apotheosis.adventure.loot.LootCategory.isValid(LootCategory.java:89) ~[Apotheosis-1.19.2-6.5.2.jar%23234!/:6.5.2]
	at shadows.apotheosis.adventure.loot.LootCategory.forItem(LootCategory.java:182) ~[Apotheosis-1.19.2-6.5.2.jar%23234!/:6.5.2]
	at shadows.apotheosis.adventure.loot.AffixLootEntry.getType(AffixLootEntry.java:95) ~[Apotheosis-1.19.2-6.5.2.jar%23234!/:6.5.2]
	at shadows.apotheosis.adventure.loot.AffixLootManager.validateItem(AffixLootManager.java:28) ~[Apotheosis-1.19.2-6.5.2.jar%23234!/:6.5.2]
	at shadows.apotheosis.adventure.loot.AffixLootManager.validateItem(AffixLootManager.java:11) ~[Apotheosis-1.19.2-6.5.2.jar%23234!/:6.5.2]
	at shadows.placebo.json.PlaceboJsonReloadListener.register(PlaceboJsonReloadListener.java:184) ~[Placebo-1.19.2-7.4.1.jar%23317!/:7.4.1]
	at shadows.placebo.json.WeightedJsonReloadListener.register(WeightedJsonReloadListener.java:47) ~[Placebo-1.19.2-7.4.1.jar%23317!/:7.4.1]
	at shadows.placebo.json.PlaceboJsonReloadListener.lambda$apply$0(PlaceboJsonReloadListener.java:105) ~[Placebo-1.19.2-7.4.1.jar%23317!/:7.4.1]
	at java.util.HashMap.forEach(HashMap.java:1421) ~[?:?]
	at shadows.placebo.json.PlaceboJsonReloadListener.apply(PlaceboJsonReloadListener.java:91) ~[Placebo-1.19.2-7.4.1.jar%23317!/:7.4.1]
	at shadows.placebo.json.PlaceboJsonReloadListener.m_5787_(PlaceboJsonReloadListener.java:47) ~[Placebo-1.19.2-7.4.1.jar%23317!/:7.4.1]
	at net.minecraft.server.packs.resources.SimplePreparableReloadListener.m_10789_(SimplePreparableReloadListener.java:13) ~[server-1.19.2-20220805.130853-srg.jar%23362!/:?]
	at java.util.concurrent.CompletableFuture$UniAccept.tryFire(CompletableFuture.java:718) ~[?:?]
	at java.util.concurrent.CompletableFuture$Completion.run(CompletableFuture.java:482) ~[?:?]
	at net.minecraft.server.packs.resources.SimpleReloadInstance.m_143940_(SimpleReloadInstance.java:69) ~[server-1.19.2-20220805.130853-srg.jar%23362!/:?]
	at net.minecraft.Util.m_214652_(Util.java:781) ~[server-1.19.2-20220805.130853-srg.jar%23362!/:?]
	at net.minecraft.Util.m_214679_(Util.java:770) ~[server-1.19.2-20220805.130853-srg.jar%23362!/:?]
	at net.minecraft.server.Main.main(Main.java:157) ~[server-1.19.2-20220805.130853-srg.jar%23362!/:?]
	at jdk.internal.reflect.NativeMethodAccessorImpl.invoke0(Native Method) ~[?:?]
	at jdk.internal.reflect.NativeMethodAccessorImpl.invoke(NativeMethodAccessorImpl.java:77) ~[?:?]
	at jdk.internal.reflect.DelegatingMethodAccessorImpl.invoke(DelegatingMethodAccessorImpl.java:43) ~[?:?]
	at java.lang.reflect.Method.invoke(Method.java:569) ~[?:?]
	at net.minecraftforge.fml.loading.targets.CommonServerLaunchHandler.lambda$launchService$0(CommonServerLaunchHandler.java:29) ~[fmlloader-1.19.2-43.5.0.jar%2373!/:?]
	at cpw.mods.modlauncher.LaunchServiceHandlerDecorator.launch(LaunchServiceHandlerDecorator.java:30) ~[modlauncher-10.0.8.jar%2355!/:?]
	at cpw.mods.modlauncher.LaunchServiceHandler.launch(LaunchServiceHandler.java:53) ~[modlauncher-10.0.8.jar%2355!/:?]
	at cpw.mods.modlauncher.LaunchServiceHandler.launch(LaunchServiceHandler.java:71) ~[modlauncher-10.0.8.jar%2355!/:?]
	at cpw.mods.modlauncher.Launcher.run(Launcher.java:106) ~[modlauncher-10.0.8.jar%2355!/:?]
	at cpw.mods.modlauncher.Launcher.main(Launcher.java:77) ~[modlauncher-10.0.8.jar%2355!/:?]
	at cpw.mods.modlauncher.BootstrapLaunchConsumer.accept(BootstrapLaunchConsumer.java:26) ~[modlauncher-10.0.8.jar%2355!/:?]
	at cpw.mods.modlauncher.BootstrapLaunchConsumer.accept(BootstrapLaunchConsumer.java:23) ~[modlauncher-10.0.8.jar%2355!/:?]
	at cpw.mods.bootstraplauncher.BootstrapLauncher.main(BootstrapLauncher.java:141) ~[bootstraplauncher-1.1.2.jar:?]
[21Nov2025 20:57:14.257] [main/ERROR] [Apotheosis : Adventure/]: Failed to execute ShieldBreakerTest
java.lang.NullPointerException: Cannot invoke "net.minecraft.world.entity.LivingEntity.m_213824_()" because "attacker" is null
	at net.minecraftforge.common.extensions.IForgeItem.canDisableShield(IForgeItem.java:674) ~[forge-1.19.2-43.5.0-universal.jar%23367!/:?]
	at net.minecraftforge.common.extensions.IForgeItemStack.canDisableShield(IForgeItemStack.java:231) ~[forge-1.19.2-43.5.0-universal.jar%23367!/:?]
	at shadows.apotheosis.adventure.loot.ShieldBreakerTest.test(ShieldBreakerTest.java:48) ~[Apotheosis-1.19.2-6.5.2.jar%23234!/:6.5.2]
	at shadows.apotheosis.adventure.loot.ShieldBreakerTest.test(ShieldBreakerTest.java:25) ~[Apotheosis-1.19.2-6.5.2.jar%23234!/:6.5.2]
	at shadows.apotheosis.adventure.loot.LootCategory.isValid(LootCategory.java:89) ~[Apotheosis-1.19.2-6.5.2.jar%23234!/:6.5.2]
	at shadows.apotheosis.adventure.loot.LootCategory.forItem(LootCategory.java:182) ~[Apotheosis-1.19.2-6.5.2.jar%23234!/:6.5.2]
	at shadows.apotheosis.adventure.loot.AffixLootEntry.getType(AffixLootEntry.java:95) ~[Apotheosis-1.19.2-6.5.2.jar%23234!/:6.5.2]
	at shadows.apotheosis.adventure.loot.AffixLootManager.validateItem(AffixLootManager.java:28) ~[Apotheosis-1.19.2-6.5.2.jar%23234!/:6.5.2]
	at shadows.apotheosis.adventure.loot.AffixLootManager.validateItem(AffixLootManager.java:11) ~[Apotheosis-1.19.2-6.5.2.jar%23234!/:6.5.2]
	at shadows.placebo.json.PlaceboJsonReloadListener.register(PlaceboJsonReloadListener.java:184) ~[Placebo-1.19.2-7.4.1.jar%23317!/:7.4.1]
	at shadows.placebo.json.WeightedJsonReloadListener.register(WeightedJsonReloadListener.java:47) ~[Placebo-1.19.2-7.4.1.jar%23317!/:7.4.1]
	at shadows.placebo.json.PlaceboJsonReloadListener.lambda$apply$0(PlaceboJsonReloadListener.java:105) ~[Placebo-1.19.2-7.4.1.jar%23317!/:7.4.1]
	at java.util.HashMap.forEach(HashMap.java:1421) ~[?:?]
	at shadows.placebo.json.PlaceboJsonReloadListener.apply(PlaceboJsonReloadListener.java:91) ~[Placebo-1.19.2-7.4.1.jar%23317!/:7.4.1]
	at shadows.placebo.json.PlaceboJsonReloadListener.m_5787_(PlaceboJsonReloadListener.java:47) ~[Placebo-1.19.2-7.4.1.jar%23317!/:7.4.1]
	at net.minecraft.server.packs.resources.SimplePreparableReloadListener.m_10789_(SimplePreparableReloadListener.java:13) ~[server-1.19.2-20220805.130853-srg.jar%23362!/:?]
	at java.util.concurrent.CompletableFuture$UniAccept.tryFire(CompletableFuture.java:718) ~[?:?]
	at java.util.concurrent.CompletableFuture$Completion.run(CompletableFuture.java:482) ~[?:?]
	at net.minecraft.server.packs.resources.SimpleReloadInstance.m_143940_(SimpleReloadInstance.java:69) ~[server-1.19.2-20220805.130853-srg.jar%23362!/:?]
	at net.minecraft.Util.m_214652_(Util.java:781) ~[server-1.19.2-20220805.130853-srg.jar%23362!/:?]
	at net.minecraft.Util.m_214679_(Util.java:770) ~[server-1.19.2-20220805.130853-srg.jar%23362!/:?]
	at net.minecraft.server.Main.main(Main.java:157) ~[server-1.19.2-20220805.130853-srg.jar%23362!/:?]
	at jdk.internal.reflect.NativeMethodAccessorImpl.invoke0(Native Method) ~[?:?]
	at jdk.internal.reflect.NativeMethodAccessorImpl.invoke(NativeMethodAccessorImpl.java:77) ~[?:?]
	at jdk.internal.reflect.DelegatingMethodAccessorImpl.invoke(DelegatingMethodAccessorImpl.java:43) ~[?:?]
	at java.lang.reflect.Method.invoke(Method.java:569) ~[?:?]
	at net.minecraftforge.fml.loading.targets.CommonServerLaunchHandler.lambda$launchService$0(CommonServerLaunchHandler.java:29) ~[fmlloader-1.19.2-43.5.0.jar%2373!/:?]
	at cpw.mods.modlauncher.LaunchServiceHandlerDecorator.launch(LaunchServiceHandlerDecorator.java:30) ~[modlauncher-10.0.8.jar%2355!/:?]
	at cpw.mods.modlauncher.LaunchServiceHandler.launch(LaunchServiceHandler.java:53) ~[modlauncher-10.0.8.jar%2355!/:?]
	at cpw.mods.modlauncher.LaunchServiceHandler.launch(LaunchServiceHandler.java:71) ~[modlauncher-10.0.8.jar%2355!/:?]
	at cpw.mods.modlauncher.Launcher.run(Launcher.java:106) ~[modlauncher-10.0.8.jar%2355!/:?]
	at cpw.mods.modlauncher.Launcher.main(Launcher.java:77) ~[modlauncher-10.0.8.jar%2355!/:?]
	at cpw.mods.modlauncher.BootstrapLaunchConsumer.accept(BootstrapLaunchConsumer.java:26) ~[modlauncher-10.0.8.jar%2355!/:?]
	at cpw.mods.modlauncher.BootstrapLaunchConsumer.accept(BootstrapLaunchConsumer.java:23) ~[modlauncher-10.0.8.jar%2355!/:?]
	at cpw.mods.bootstraplauncher.BootstrapLauncher.main(BootstrapLauncher.java:141) ~[bootstraplauncher-1.1.2.jar:?]
[21Nov2025 20:57:14.260] [main/ERROR] [Apotheosis : Adventure/]: Failed to execute ShieldBreakerTest
java.lang.NullPointerException: Cannot invoke "net.minecraft.world.entity.LivingEntity.m_213824_()" because "attacker" is null
	at net.minecraftforge.common.extensions.IForgeItem.canDisableShield(IForgeItem.java:674) ~[forge-1.19.2-43.5.0-universal.jar%23367!/:?]
	at net.minecraftforge.common.extensions.IForgeItemStack.canDisableShield(IForgeItemStack.java:231) ~[forge-1.19.2-43.5.0-universal.jar%23367!/:?]
	at shadows.apotheosis.adventure.loot.ShieldBreakerTest.test(ShieldBreakerTest.java:48) ~[Apotheosis-1.19.2-6.5.2.jar%23234!/:6.5.2]
	at shadows.apotheosis.adventure.loot.ShieldBreakerTest.test(ShieldBreakerTest.java:25) ~[Apotheosis-1.19.2-6.5.2.jar%23234!/:6.5.2]
	at shadows.apotheosis.adventure.loot.LootCategory.isValid(LootCategory.java:89) ~[Apotheosis-1.19.2-6.5.2.jar%23234!/:6.5.2]
	at shadows.apotheosis.adventure.loot.LootCategory.forItem(LootCategory.java:182) ~[Apotheosis-1.19.2-6.5.2.jar%23234!/:6.5.2]
	at shadows.apotheosis.adventure.loot.AffixLootEntry.getType(AffixLootEntry.java:95) ~[Apotheosis-1.19.2-6.5.2.jar%23234!/:6.5.2]
	at shadows.apotheosis.adventure.loot.AffixLootManager.validateItem(AffixLootManager.java:28) ~[Apotheosis-1.19.2-6.5.2.jar%23234!/:6.5.2]
	at shadows.apotheosis.adventure.loot.AffixLootManager.validateItem(AffixLootManager.java:11) ~[Apotheosis-1.19.2-6.5.2.jar%23234!/:6.5.2]
	at shadows.placebo.json.PlaceboJsonReloadListener.register(PlaceboJsonReloadListener.java:184) ~[Placebo-1.19.2-7.4.1.jar%23317!/:7.4.1]
	at shadows.placebo.json.WeightedJsonReloadListener.register(WeightedJsonReloadListener.java:47) ~[Placebo-1.19.2-7.4.1.jar%23317!/:7.4.1]
	at shadows.placebo.json.PlaceboJsonReloadListener.lambda$apply$0(PlaceboJsonReloadListener.java:105) ~[Placebo-1.19.2-7.4.1.jar%23317!/:7.4.1]
	at java.util.HashMap.forEach(HashMap.java:1421) ~[?:?]
	at shadows.placebo.json.PlaceboJsonReloadListener.apply(PlaceboJsonReloadListener.java:91) ~[Placebo-1.19.2-7.4.1.jar%23317!/:7.4.1]
	at shadows.placebo.json.PlaceboJsonReloadListener.m_5787_(PlaceboJsonReloadListener.java:47) ~[Placebo-1.19.2-7.4.1.jar%23317!/:7.4.1]
	at net.minecraft.server.packs.resources.SimplePreparableReloadListener.m_10789_(SimplePreparableReloadListener.java:13) ~[server-1.19.2-20220805.130853-srg.jar%23362!/:?]
	at java.util.concurrent.CompletableFuture$UniAccept.tryFire(CompletableFuture.java:718) ~[?:?]
	at java.util.concurrent.CompletableFuture$Completion.run(CompletableFuture.java:482) ~[?:?]
	at net.minecraft.server.packs.resources.SimpleReloadInstance.m_143940_(SimpleReloadInstance.java:69) ~[server-1.19.2-20220805.130853-srg.jar%23362!/:?]
	at net.minecraft.Util.m_214652_(Util.java:781) ~[server-1.19.2-20220805.130853-srg.jar%23362!/:?]
	at net.minecraft.Util.m_214679_(Util.java:770) ~[server-1.19.2-20220805.130853-srg.jar%23362!/:?]
	at net.minecraft.server.Main.main(Main.java:157) ~[server-1.19.2-20220805.130853-srg.jar%23362!/:?]
	at jdk.internal.reflect.NativeMethodAccessorImpl.invoke0(Native Method) ~[?:?]
	at jdk.internal.reflect.NativeMethodAccessorImpl.invoke(NativeMethodAccessorImpl.java:77) ~[?:?]
	at jdk.internal.reflect.DelegatingMethodAccessorImpl.invoke(DelegatingMethodAccessorImpl.java:43) ~[?:?]
	at java.lang.reflect.Method.invoke(Method.java:569) ~[?:?]
	at net.minecraftforge.fml.loading.targets.CommonServerLaunchHandler.lambda$launchService$0(CommonServerLaunchHandler.java:29) ~[fmlloader-1.19.2-43.5.0.jar%2373!/:?]
	at cpw.mods.modlauncher.LaunchServiceHandlerDecorator.launch(LaunchServiceHandlerDecorator.java:30) ~[modlauncher-10.0.8.jar%2355!/:?]
	at cpw.mods.modlauncher.LaunchServiceHandler.launch(LaunchServiceHandler.java:53) ~[modlauncher-10.0.8.jar%2355!/:?]
	at cpw.mods.modlauncher.LaunchServiceHandler.launch(LaunchServiceHandler.java:71) ~[modlauncher-10.0.8.jar%2355!/:?]
	at cpw.mods.modlauncher.Launcher.run(Launcher.java:106) ~[modlauncher-10.0.8.jar%2355!/:?]
	at cpw.mods.modlauncher.Launcher.main(Launcher.java:77) ~[modlauncher-10.0.8.jar%2355!/:?]
	at cpw.mods.modlauncher.BootstrapLaunchConsumer.accept(BootstrapLaunchConsumer.java:26) ~[modlauncher-10.0.8.jar%2355!/:?]
	at cpw.mods.modlauncher.BootstrapLaunchConsumer.accept(BootstrapLaunchConsumer.java:23) ~[modlauncher-10.0.8.jar%2355!/:?]
	at cpw.mods.bootstraplauncher.BootstrapLauncher.main(BootstrapLauncher.java:141) ~[bootstraplauncher-1.1.2.jar:?]
[21Nov2025 20:57:14.263] [main/ERROR] [Apotheosis : Adventure/]: Failed to execute ShieldBreakerTest
java.lang.NullPointerException: Cannot invoke "net.minecraft.world.entity.LivingEntity.m_213824_()" because "attacker" is null
	at net.minecraftforge.common.extensions.IForgeItem.canDisableShield(IForgeItem.java:674) ~[forge-1.19.2-43.5.0-universal.jar%23367!/:?]
	at net.minecraftforge.common.extensions.IForgeItemStack.canDisableShield(IForgeItemStack.java:231) ~[forge-1.19.2-43.5.0-universal.jar%23367!/:?]
	at shadows.apotheosis.adventure.loot.ShieldBreakerTest.test(ShieldBreakerTest.java:48) ~[Apotheosis-1.19.2-6.5.2.jar%23234!/:6.5.2]
	at shadows.apotheosis.adventure.loot.ShieldBreakerTest.test(ShieldBreakerTest.java:25) ~[Apotheosis-1.19.2-6.5.2.jar%23234!/:6.5.2]
	at shadows.apotheosis.adventure.loot.LootCategory.isValid(LootCategory.java:89) ~[Apotheosis-1.19.2-6.5.2.jar%23234!/:6.5.2]
	at shadows.apotheosis.adventure.loot.LootCategory.forItem(LootCategory.java:182) ~[Apotheosis-1.19.2-6.5.2.jar%23234!/:6.5.2]
	at shadows.apotheosis.adventure.loot.AffixLootEntry.getType(AffixLootEntry.java:95) ~[Apotheosis-1.19.2-6.5.2.jar%23234!/:6.5.2]
	at shadows.apotheosis.adventure.loot.AffixLootManager.validateItem(AffixLootManager.java:28) ~[Apotheosis-1.19.2-6.5.2.jar%23234!/:6.5.2]
	at shadows.apotheosis.adventure.loot.AffixLootManager.validateItem(AffixLootManager.java:11) ~[Apotheosis-1.19.2-6.5.2.jar%23234!/:6.5.2]
	at shadows.placebo.json.PlaceboJsonReloadListener.register(PlaceboJsonReloadListener.java:184) ~[Placebo-1.19.2-7.4.1.jar%23317!/:7.4.1]
	at shadows.placebo.json.WeightedJsonReloadListener.register(WeightedJsonReloadListener.java:47) ~[Placebo-1.19.2-7.4.1.jar%23317!/:7.4.1]
	at shadows.placebo.json.PlaceboJsonReloadListener.lambda$apply$0(PlaceboJsonReloadListener.java:105) ~[Placebo-1.19.2-7.4.1.jar%23317!/:7.4.1]
	at java.util.HashMap.forEach(HashMap.java:1421) ~[?:?]
	at shadows.placebo.json.PlaceboJsonReloadListener.apply(PlaceboJsonReloadListener.java:91) ~[Placebo-1.19.2-7.4.1.jar%23317!/:7.4.1]
	at shadows.placebo.json.PlaceboJsonReloadListener.m_5787_(PlaceboJsonReloadListener.java:47) ~[Placebo-1.19.2-7.4.1.jar%23317!/:7.4.1]
	at net.minecraft.server.packs.resources.SimplePreparableReloadListener.m_10789_(SimplePreparableReloadListener.java:13) ~[server-1.19.2-20220805.130853-srg.jar%23362!/:?]
	at java.util.concurrent.CompletableFuture$UniAccept.tryFire(CompletableFuture.java:718) ~[?:?]
	at java.util.concurrent.CompletableFuture$Completion.run(CompletableFuture.java:482) ~[?:?]
	at net.minecraft.server.packs.resources.SimpleReloadInstance.m_143940_(SimpleReloadInstance.java:69) ~[server-1.19.2-20220805.130853-srg.jar%23362!/:?]
	at net.minecraft.Util.m_214652_(Util.java:781) ~[server-1.19.2-20220805.130853-srg.jar%23362!/:?]
	at net.minecraft.Util.m_214679_(Util.java:770) ~[server-1.19.2-20220805.130853-srg.jar%23362!/:?]
	at net.minecraft.server.Main.main(Main.java:157) ~[server-1.19.2-20220805.130853-srg.jar%23362!/:?]
	at jdk.internal.reflect.NativeMethodAccessorImpl.invoke0(Native Method) ~[?:?]
	at jdk.internal.reflect.NativeMethodAccessorImpl.invoke(NativeMethodAccessorImpl.java:77) ~[?:?]
	at jdk.internal.reflect.DelegatingMethodAccessorImpl.invoke(DelegatingMethodAccessorImpl.java:43) ~[?:?]
	at java.lang.reflect.Method.invoke(Method.java:569) ~[?:?]
	at net.minecraftforge.fml.loading.targets.CommonServerLaunchHandler.lambda$launchService$0(CommonServerLaunchHandler.java:29) ~[fmlloader-1.19.2-43.5.0.jar%2373!/:?]
	at cpw.mods.modlauncher.LaunchServiceHandlerDecorator.launch(LaunchServiceHandlerDecorator.java:30) ~[modlauncher-10.0.8.jar%2355!/:?]
	at cpw.mods.modlauncher.LaunchServiceHandler.launch(LaunchServiceHandler.java:53) ~[modlauncher-10.0.8.jar%2355!/:?]
	at cpw.mods.modlauncher.LaunchServiceHandler.launch(LaunchServiceHandler.java:71) ~[modlauncher-10.0.8.jar%2355!/:?]
	at cpw.mods.modlauncher.Launcher.run(Launcher.java:106) ~[modlauncher-10.0.8.jar%2355!/:?]
	at cpw.mods.modlauncher.Launcher.main(Launcher.java:77) ~[modlauncher-10.0.8.jar%2355!/:?]
	at cpw.mods.modlauncher.BootstrapLaunchConsumer.accept(BootstrapLaunchConsumer.java:26) ~[modlauncher-10.0.8.jar%2355!/:?]
	at cpw.mods.modlauncher.BootstrapLaunchConsumer.accept(BootstrapLaunchConsumer.java:23) ~[modlauncher-10.0.8.jar%2355!/:?]
	at cpw.mods.bootstraplauncher.BootstrapLauncher.main(BootstrapLauncher.java:141) ~[bootstraplauncher-1.1.2.jar:?]
[21Nov2025 20:57:14.265] [main/ERROR] [Apotheosis : Adventure/]: Failed to execute ShieldBreakerTest
java.lang.NullPointerException: Cannot invoke "net.minecraft.world.entity.LivingEntity.m_213824_()" because "attacker" is null
	at net.minecraftforge.common.extensions.IForgeItem.canDisableShield(IForgeItem.java:674) ~[forge-1.19.2-43.5.0-universal.jar%23367!/:?]
	at net.minecraftforge.common.extensions.IForgeItemStack.canDisableShield(IForgeItemStack.java:231) ~[forge-1.19.2-43.5.0-universal.jar%23367!/:?]
	at shadows.apotheosis.adventure.loot.ShieldBreakerTest.test(ShieldBreakerTest.java:48) ~[Apotheosis-1.19.2-6.5.2.jar%23234!/:6.5.2]
	at shadows.apotheosis.adventure.loot.ShieldBreakerTest.test(ShieldBreakerTest.java:25) ~[Apotheosis-1.19.2-6.5.2.jar%23234!/:6.5.2]
	at shadows.apotheosis.adventure.loot.LootCategory.isValid(LootCategory.java:89) ~[Apotheosis-1.19.2-6.5.2.jar%23234!/:6.5.2]
	at shadows.apotheosis.adventure.loot.LootCategory.forItem(LootCategory.java:182) ~[Apotheosis-1.19.2-6.5.2.jar%23234!/:6.5.2]
	at shadows.apotheosis.adventure.loot.AffixLootEntry.getType(AffixLootEntry.java:95) ~[Apotheosis-1.19.2-6.5.2.jar%23234!/:6.5.2]
	at shadows.apotheosis.adventure.loot.AffixLootManager.validateItem(AffixLootManager.java:28) ~[Apotheosis-1.19.2-6.5.2.jar%23234!/:6.5.2]
	at shadows.apotheosis.adventure.loot.AffixLootManager.validateItem(AffixLootManager.java:11) ~[Apotheosis-1.19.2-6.5.2.jar%23234!/:6.5.2]
	at shadows.placebo.json.PlaceboJsonReloadListener.register(PlaceboJsonReloadListener.java:184) ~[Placebo-1.19.2-7.4.1.jar%23317!/:7.4.1]
	at shadows.placebo.json.WeightedJsonReloadListener.register(WeightedJsonReloadListener.java:47) ~[Placebo-1.19.2-7.4.1.jar%23317!/:7.4.1]
	at shadows.placebo.json.PlaceboJsonReloadListener.lambda$apply$0(PlaceboJsonReloadListener.java:105) ~[Placebo-1.19.2-7.4.1.jar%23317!/:7.4.1]
	at java.util.HashMap.forEach(HashMap.java:1421) ~[?:?]
	at shadows.placebo.json.PlaceboJsonReloadListener.apply(PlaceboJsonReloadListener.java:91) ~[Placebo-1.19.2-7.4.1.jar%23317!/:7.4.1]
	at shadows.placebo.json.PlaceboJsonReloadListener.m_5787_(PlaceboJsonReloadListener.java:47) ~[Placebo-1.19.2-7.4.1.jar%23317!/:7.4.1]
	at net.minecraft.server.packs.resources.SimplePreparableReloadListener.m_10789_(SimplePreparableReloadListener.java:13) ~[server-1.19.2-20220805.130853-srg.jar%23362!/:?]
	at java.util.concurrent.CompletableFuture$UniAccept.tryFire(CompletableFuture.java:718) ~[?:?]
	at java.util.concurrent.CompletableFuture$Completion.run(CompletableFuture.java:482) ~[?:?]
	at net.minecraft.server.packs.resources.SimpleReloadInstance.m_143940_(SimpleReloadInstance.java:69) ~[server-1.19.2-20220805.130853-srg.jar%23362!/:?]
	at net.minecraft.Util.m_214652_(Util.java:781) ~[server-1.19.2-20220805.130853-srg.jar%23362!/:?]
	at net.minecraft.Util.m_214679_(Util.java:770) ~[server-1.19.2-20220805.130853-srg.jar%23362!/:?]
	at net.minecraft.server.Main.main(Main.java:157) ~[server-1.19.2-20220805.130853-srg.jar%23362!/:?]
	at jdk.internal.reflect.NativeMethodAccessorImpl.invoke0(Native Method) ~[?:?]
	at jdk.internal.reflect.NativeMethodAccessorImpl.invoke(NativeMethodAccessorImpl.java:77) ~[?:?]
	at jdk.internal.reflect.DelegatingMethodAccessorImpl.invoke(DelegatingMethodAccessorImpl.java:43) ~[?:?]
	at java.lang.reflect.Method.invoke(Method.java:569) ~[?:?]
	at net.minecraftforge.fml.loading.targets.CommonServerLaunchHandler.lambda$launchService$0(CommonServerLaunchHandler.java:29) ~[fmlloader-1.19.2-43.5.0.jar%2373!/:?]
	at cpw.mods.modlauncher.LaunchServiceHandlerDecorator.launch(LaunchServiceHandlerDecorator.java:30) ~[modlauncher-10.0.8.jar%2355!/:?]
	at cpw.mods.modlauncher.LaunchServiceHandler.launch(LaunchServiceHandler.java:53) ~[modlauncher-10.0.8.jar%2355!/:?]
	at cpw.mods.modlauncher.LaunchServiceHandler.launch(LaunchServiceHandler.java:71) ~[modlauncher-10.0.8.jar%2355!/:?]
	at cpw.mods.modlauncher.Launcher.run(Launcher.java:106) ~[modlauncher-10.0.8.jar%2355!/:?]
	at cpw.mods.modlauncher.Launcher.main(Launcher.java:77) ~[modlauncher-10.0.8.jar%2355!/:?]
	at cpw.mods.modlauncher.BootstrapLaunchConsumer.accept(BootstrapLaunchConsumer.java:26) ~[modlauncher-10.0.8.jar%2355!/:?]
	at cpw.mods.modlauncher.BootstrapLaunchConsumer.accept(BootstrapLaunchConsumer.java:23) ~[modlauncher-10.0.8.jar%2355!/:?]
	at cpw.mods.bootstraplauncher.BootstrapLauncher.main(BootstrapLauncher.java:141) ~[bootstraplauncher-1.1.2.jar:?]
[21Nov2025 20:57:14.267] [main/ERROR] [Apotheosis : Adventure/]: Failed to execute ShieldBreakerTest
java.lang.NullPointerException: Cannot invoke "net.minecraft.world.entity.LivingEntity.m_213824_()" because "attacker" is null
	at net.minecraftforge.common.extensions.IForgeItem.canDisableShield(IForgeItem.java:674) ~[forge-1.19.2-43.5.0-universal.jar%23367!/:?]
	at net.minecraftforge.common.extensions.IForgeItemStack.canDisableShield(IForgeItemStack.java:231) ~[forge-1.19.2-43.5.0-universal.jar%23367!/:?]
	at shadows.apotheosis.adventure.loot.ShieldBreakerTest.test(ShieldBreakerTest.java:48) ~[Apotheosis-1.19.2-6.5.2.jar%23234!/:6.5.2]
	at shadows.apotheosis.adventure.loot.ShieldBreakerTest.test(ShieldBreakerTest.java:25) ~[Apotheosis-1.19.2-6.5.2.jar%23234!/:6.5.2]
	at shadows.apotheosis.adventure.loot.LootCategory.isValid(LootCategory.java:89) ~[Apotheosis-1.19.2-6.5.2.jar%23234!/:6.5.2]
	at shadows.apotheosis.adventure.loot.LootCategory.forItem(LootCategory.java:182) ~[Apotheosis-1.19.2-6.5.2.jar%23234!/:6.5.2]
	at shadows.apotheosis.adventure.loot.AffixLootEntry.getType(AffixLootEntry.java:95) ~[Apotheosis-1.19.2-6.5.2.jar%23234!/:6.5.2]
	at shadows.apotheosis.adventure.loot.AffixLootManager.validateItem(AffixLootManager.java:28) ~[Apotheosis-1.19.2-6.5.2.jar%23234!/:6.5.2]
	at shadows.apotheosis.adventure.loot.AffixLootManager.validateItem(AffixLootManager.java:11) ~[Apotheosis-1.19.2-6.5.2.jar%23234!/:6.5.2]
	at shadows.placebo.json.PlaceboJsonReloadListener.register(PlaceboJsonReloadListener.java:184) ~[Placebo-1.19.2-7.4.1.jar%23317!/:7.4.1]
	at shadows.placebo.json.WeightedJsonReloadListener.register(WeightedJsonReloadListener.java:47) ~[Placebo-1.19.2-7.4.1.jar%23317!/:7.4.1]
	at shadows.placebo.json.PlaceboJsonReloadListener.lambda$apply$0(PlaceboJsonReloadListener.java:105) ~[Placebo-1.19.2-7.4.1.jar%23317!/:7.4.1]
	at java.util.HashMap.forEach(HashMap.java:1421) ~[?:?]
	at shadows.placebo.json.PlaceboJsonReloadListener.apply(PlaceboJsonReloadListener.java:91) ~[Placebo-1.19.2-7.4.1.jar%23317!/:7.4.1]
	at shadows.placebo.json.PlaceboJsonReloadListener.m_5787_(PlaceboJsonReloadListener.java:47) ~[Placebo-1.19.2-7.4.1.jar%23317!/:7.4.1]
	at net.minecraft.server.packs.resources.SimplePreparableReloadListener.m_10789_(SimplePreparableReloadListener.java:13) ~[server-1.19.2-20220805.130853-srg.jar%23362!/:?]
	at java.util.concurrent.CompletableFuture$UniAccept.tryFire(CompletableFuture.java:718) ~[?:?]
	at java.util.concurrent.CompletableFuture$Completion.run(CompletableFuture.java:482) ~[?:?]
	at net.minecraft.server.packs.resources.SimpleReloadInstance.m_143940_(SimpleReloadInstance.java:69) ~[server-1.19.2-20220805.130853-srg.jar%23362!/:?]
	at net.minecraft.Util.m_214652_(Util.java:781) ~[server-1.19.2-20220805.130853-srg.jar%23362!/:?]
	at net.minecraft.Util.m_214679_(Util.java:770) ~[server-1.19.2-20220805.130853-srg.jar%23362!/:?]
	at net.minecraft.server.Main.main(Main.java:157) ~[server-1.19.2-20220805.130853-srg.jar%23362!/:?]
	at jdk.internal.reflect.NativeMethodAccessorImpl.invoke0(Native Method) ~[?:?]
	at jdk.internal.reflect.NativeMethodAccessorImpl.invoke(NativeMethodAccessorImpl.java:77) ~[?:?]
	at jdk.internal.reflect.DelegatingMethodAccessorImpl.invoke(DelegatingMethodAccessorImpl.java:43) ~[?:?]
	at java.lang.reflect.Method.invoke(Method.java:569) ~[?:?]
	at net.minecraftforge.fml.loading.targets.CommonServerLaunchHandler.lambda$launchService$0(CommonServerLaunchHandler.java:29) ~[fmlloader-1.19.2-43.5.0.jar%2373!/:?]
	at cpw.mods.modlauncher.LaunchServiceHandlerDecorator.launch(LaunchServiceHandlerDecorator.java:30) ~[modlauncher-10.0.8.jar%2355!/:?]
	at cpw.mods.modlauncher.LaunchServiceHandler.launch(LaunchServiceHandler.java:53) ~[modlauncher-10.0.8.jar%2355!/:?]
	at cpw.mods.modlauncher.LaunchServiceHandler.launch(LaunchServiceHandler.java:71) ~[modlauncher-10.0.8.jar%2355!/:?]
	at cpw.mods.modlauncher.Launcher.run(Launcher.java:106) ~[modlauncher-10.0.8.jar%2355!/:?]
	at cpw.mods.modlauncher.Launcher.main(Launcher.java:77) ~[modlauncher-10.0.8.jar%2355!/:?]
	at cpw.mods.modlauncher.BootstrapLaunchConsumer.accept(BootstrapLaunchConsumer.java:26) ~[modlauncher-10.0.8.jar%2355!/:?]
	at cpw.mods.modlauncher.BootstrapLaunchConsumer.accept(BootstrapLaunchConsumer.java:23) ~[modlauncher-10.0.8.jar%2355!/:?]
	at cpw.mods.bootstraplauncher.BootstrapLauncher.main(BootstrapLauncher.java:141) ~[bootstraplauncher-1.1.2.jar:?]
[21Nov2025 20:57:14.268] [main/ERROR] [Apotheosis : Adventure/]: Failed to execute ShieldBreakerTest
java.lang.NullPointerException: Cannot invoke "net.minecraft.world.entity.LivingEntity.m_213824_()" because "attacker" is null
	at net.minecraftforge.common.extensions.IForgeItem.canDisableShield(IForgeItem.java:674) ~[forge-1.19.2-43.5.0-universal.jar%23367!/:?]
	at net.minecraftforge.common.extensions.IForgeItemStack.canDisableShield(IForgeItemStack.java:231) ~[forge-1.19.2-43.5.0-universal.jar%23367!/:?]
	at shadows.apotheosis.adventure.loot.ShieldBreakerTest.test(ShieldBreakerTest.java:48) ~[Apotheosis-1.19.2-6.5.2.jar%23234!/:6.5.2]
	at shadows.apotheosis.adventure.loot.ShieldBreakerTest.test(ShieldBreakerTest.java:25) ~[Apotheosis-1.19.2-6.5.2.jar%23234!/:6.5.2]
	at shadows.apotheosis.adventure.loot.LootCategory.isValid(LootCategory.java:89) ~[Apotheosis-1.19.2-6.5.2.jar%23234!/:6.5.2]
	at shadows.apotheosis.adventure.loot.LootCategory.forItem(LootCategory.java:182) ~[Apotheosis-1.19.2-6.5.2.jar%23234!/:6.5.2]
	at shadows.apotheosis.adventure.loot.AffixLootEntry.getType(AffixLootEntry.java:95) ~[Apotheosis-1.19.2-6.5.2.jar%23234!/:6.5.2]
	at shadows.apotheosis.adventure.loot.AffixLootManager.validateItem(AffixLootManager.java:28) ~[Apotheosis-1.19.2-6.5.2.jar%23234!/:6.5.2]
	at shadows.apotheosis.adventure.loot.AffixLootManager.validateItem(AffixLootManager.java:11) ~[Apotheosis-1.19.2-6.5.2.jar%23234!/:6.5.2]
	at shadows.placebo.json.PlaceboJsonReloadListener.register(PlaceboJsonReloadListener.java:184) ~[Placebo-1.19.2-7.4.1.jar%23317!/:7.4.1]
	at shadows.placebo.json.WeightedJsonReloadListener.register(WeightedJsonReloadListener.java:47) ~[Placebo-1.19.2-7.4.1.jar%23317!/:7.4.1]
	at shadows.placebo.json.PlaceboJsonReloadListener.lambda$apply$0(PlaceboJsonReloadListener.java:105) ~[Placebo-1.19.2-7.4.1.jar%23317!/:7.4.1]
	at java.util.HashMap.forEach(HashMap.java:1421) ~[?:?]
	at shadows.placebo.json.PlaceboJsonReloadListener.apply(PlaceboJsonReloadListener.java:91) ~[Placebo-1.19.2-7.4.1.jar%23317!/:7.4.1]
	at shadows.placebo.json.PlaceboJsonReloadListener.m_5787_(PlaceboJsonReloadListener.java:47) ~[Placebo-1.19.2-7.4.1.jar%23317!/:7.4.1]
	at net.minecraft.server.packs.resources.SimplePreparableReloadListener.m_10789_(SimplePreparableReloadListener.java:13) ~[server-1.19.2-20220805.130853-srg.jar%23362!/:?]
	at java.util.concurrent.CompletableFuture$UniAccept.tryFire(CompletableFuture.java:718) ~[?:?]
	at java.util.concurrent.CompletableFuture$Completion.run(CompletableFuture.java:482) ~[?:?]
	at net.minecraft.server.packs.resources.SimpleReloadInstance.m_143940_(SimpleReloadInstance.java:69) ~[server-1.19.2-20220805.130853-srg.jar%23362!/:?]
	at net.minecraft.Util.m_214652_(Util.java:781) ~[server-1.19.2-20220805.130853-srg.jar%23362!/:?]
	at net.minecraft.Util.m_214679_(Util.java:770) ~[server-1.19.2-20220805.130853-srg.jar%23362!/:?]
	at net.minecraft.server.Main.main(Main.java:157) ~[server-1.19.2-20220805.130853-srg.jar%23362!/:?]
	at jdk.internal.reflect.NativeMethodAccessorImpl.invoke0(Native Method) ~[?:?]
	at jdk.internal.reflect.NativeMethodAccessorImpl.invoke(NativeMethodAccessorImpl.java:77) ~[?:?]
	at jdk.internal.reflect.DelegatingMethodAccessorImpl.invoke(DelegatingMethodAccessorImpl.java:43) ~[?:?]
	at java.lang.reflect.Method.invoke(Method.java:569) ~[?:?]
	at net.minecraftforge.fml.loading.targets.CommonServerLaunchHandler.lambda$launchService$0(CommonServerLaunchHandler.java:29) ~[fmlloader-1.19.2-43.5.0.jar%2373!/:?]
	at cpw.mods.modlauncher.LaunchServiceHandlerDecorator.launch(LaunchServiceHandlerDecorator.java:30) ~[modlauncher-10.0.8.jar%2355!/:?]
	at cpw.mods.modlauncher.LaunchServiceHandler.launch(LaunchServiceHandler.java:53) ~[modlauncher-10.0.8.jar%2355!/:?]
	at cpw.mods.modlauncher.LaunchServiceHandler.launch(LaunchServiceHandler.java:71) ~[modlauncher-10.0.8.jar%2355!/:?]
	at cpw.mods.modlauncher.Launcher.run(Launcher.java:106) ~[modlauncher-10.0.8.jar%2355!/:?]
	at cpw.mods.modlauncher.Launcher.main(Launcher.java:77) ~[modlauncher-10.0.8.jar%2355!/:?]
	at cpw.mods.modlauncher.BootstrapLaunchConsumer.accept(BootstrapLaunchConsumer.java:26) ~[modlauncher-10.0.8.jar%2355!/:?]
	at cpw.mods.modlauncher.BootstrapLaunchConsumer.accept(BootstrapLaunchConsumer.java:23) ~[modlauncher-10.0.8.jar%2355!/:?]
	at cpw.mods.bootstraplauncher.BootstrapLauncher.main(BootstrapLauncher.java:141) ~[bootstraplauncher-1.1.2.jar:?]
[21Nov2025 20:57:14.270] [main/ERROR] [Apotheosis : Adventure/]: Failed to execute ShieldBreakerTest
java.lang.NullPointerException: Cannot invoke "net.minecraft.world.entity.LivingEntity.m_213824_()" because "attacker" is null
	at net.minecraftforge.common.extensions.IForgeItem.canDisableShield(IForgeItem.java:674) ~[forge-1.19.2-43.5.0-universal.jar%23367!/:?]
	at net.minecraftforge.common.extensions.IForgeItemStack.canDisableShield(IForgeItemStack.java:231) ~[forge-1.19.2-43.5.0-universal.jar%23367!/:?]
	at shadows.apotheosis.adventure.loot.ShieldBreakerTest.test(ShieldBreakerTest.java:48) ~[Apotheosis-1.19.2-6.5.2.jar%23234!/:6.5.2]
	at shadows.apotheosis.adventure.loot.ShieldBreakerTest.test(ShieldBreakerTest.java:25) ~[Apotheosis-1.19.2-6.5.2.jar%23234!/:6.5.2]
	at shadows.apotheosis.adventure.loot.LootCategory.isValid(LootCategory.java:89) ~[Apotheosis-1.19.2-6.5.2.jar%23234!/:6.5.2]
	at shadows.apotheosis.adventure.loot.LootCategory.forItem(LootCategory.java:182) ~[Apotheosis-1.19.2-6.5.2.jar%23234!/:6.5.2]
	at shadows.apotheosis.adventure.loot.AffixLootEntry.getType(AffixLootEntry.java:95) ~[Apotheosis-1.19.2-6.5.2.jar%23234!/:6.5.2]
	at shadows.apotheosis.adventure.loot.AffixLootManager.validateItem(AffixLootManager.java:28) ~[Apotheosis-1.19.2-6.5.2.jar%23234!/:6.5.2]
	at shadows.apotheosis.adventure.loot.AffixLootManager.validateItem(AffixLootManager.java:11) ~[Apotheosis-1.19.2-6.5.2.jar%23234!/:6.5.2]
	at shadows.placebo.json.PlaceboJsonReloadListener.register(PlaceboJsonReloadListener.java:184) ~[Placebo-1.19.2-7.4.1.jar%23317!/:7.4.1]
	at shadows.placebo.json.WeightedJsonReloadListener.register(WeightedJsonReloadListener.java:47) ~[Placebo-1.19.2-7.4.1.jar%23317!/:7.4.1]
	at shadows.placebo.json.PlaceboJsonReloadListener.lambda$apply$0(PlaceboJsonReloadListener.java:105) ~[Placebo-1.19.2-7.4.1.jar%23317!/:7.4.1]
	at java.util.HashMap.forEach(HashMap.java:1421) ~[?:?]
	at shadows.placebo.json.PlaceboJsonReloadListener.apply(PlaceboJsonReloadListener.java:91) ~[Placebo-1.19.2-7.4.1.jar%23317!/:7.4.1]
	at shadows.placebo.json.PlaceboJsonReloadListener.m_5787_(PlaceboJsonReloadListener.java:47) ~[Placebo-1.19.2-7.4.1.jar%23317!/:7.4.1]
	at net.minecraft.server.packs.resources.SimplePreparableReloadListener.m_10789_(SimplePreparableReloadListener.java:13) ~[server-1.19.2-20220805.130853-srg.jar%23362!/:?]
	at java.util.concurrent.CompletableFuture$UniAccept.tryFire(CompletableFuture.java:718) ~[?:?]
	at java.util.concurrent.CompletableFuture$Completion.run(CompletableFuture.java:482) ~[?:?]
	at net.minecraft.server.packs.resources.SimpleReloadInstance.m_143940_(SimpleReloadInstance.java:69) ~[server-1.19.2-20220805.130853-srg.jar%23362!/:?]
	at net.minecraft.Util.m_214652_(Util.java:781) ~[server-1.19.2-20220805.130853-srg.jar%23362!/:?]
	at net.minecraft.Util.m_214679_(Util.java:770) ~[server-1.19.2-20220805.130853-srg.jar%23362!/:?]
	at net.minecraft.server.Main.main(Main.java:157) ~[server-1.19.2-20220805.130853-srg.jar%23362!/:?]
	at jdk.internal.reflect.NativeMethodAccessorImpl.invoke0(Native Method) ~[?:?]
	at jdk.internal.reflect.NativeMethodAccessorImpl.invoke(NativeMethodAccessorImpl.java:77) ~[?:?]
	at jdk.internal.reflect.DelegatingMethodAccessorImpl.invoke(DelegatingMethodAccessorImpl.java:43) ~[?:?]
	at java.lang.reflect.Method.invoke(Method.java:569) ~[?:?]
	at net.minecraftforge.fml.loading.targets.CommonServerLaunchHandler.lambda$launchService$0(CommonServerLaunchHandler.java:29) ~[fmlloader-1.19.2-43.5.0.jar%2373!/:?]
	at cpw.mods.modlauncher.LaunchServiceHandlerDecorator.launch(LaunchServiceHandlerDecorator.java:30) ~[modlauncher-10.0.8.jar%2355!/:?]
	at cpw.mods.modlauncher.LaunchServiceHandler.launch(LaunchServiceHandler.java:53) ~[modlauncher-10.0.8.jar%2355!/:?]
	at cpw.mods.modlauncher.LaunchServiceHandler.launch(LaunchServiceHandler.java:71) ~[modlauncher-10.0.8.jar%2355!/:?]
	at cpw.mods.modlauncher.Launcher.run(Launcher.java:106) ~[modlauncher-10.0.8.jar%2355!/:?]
	at cpw.mods.modlauncher.Launcher.main(Launcher.java:77) ~[modlauncher-10.0.8.jar%2355!/:?]
	at cpw.mods.modlauncher.BootstrapLaunchConsumer.accept(BootstrapLaunchConsumer.java:26) ~[modlauncher-10.0.8.jar%2355!/:?]
	at cpw.mods.modlauncher.BootstrapLaunchConsumer.accept(BootstrapLaunchConsumer.java:23) ~[modlauncher-10.0.8.jar%2355!/:?]
	at cpw.mods.bootstraplauncher.BootstrapLauncher.main(BootstrapLauncher.java:141) ~[bootstraplauncher-1.1.2.jar:?]
[21Nov2025 20:57:14.273] [main/ERROR] [Apotheosis : Adventure/]: Failed to execute ShieldBreakerTest
java.lang.NullPointerException: Cannot invoke "net.minecraft.world.entity.LivingEntity.m_213824_()" because "attacker" is null
	at net.minecraftforge.common.extensions.IForgeItem.canDisableShield(IForgeItem.java:674) ~[forge-1.19.2-43.5.0-universal.jar%23367!/:?]
	at net.minecraftforge.common.extensions.IForgeItemStack.canDisableShield(IForgeItemStack.java:231) ~[forge-1.19.2-43.5.0-universal.jar%23367!/:?]
	at shadows.apotheosis.adventure.loot.ShieldBreakerTest.test(ShieldBreakerTest.java:48) ~[Apotheosis-1.19.2-6.5.2.jar%23234!/:6.5.2]
	at shadows.apotheosis.adventure.loot.ShieldBreakerTest.test(ShieldBreakerTest.java:25) ~[Apotheosis-1.19.2-6.5.2.jar%23234!/:6.5.2]
	at shadows.apotheosis.adventure.loot.LootCategory.isValid(LootCategory.java:89) ~[Apotheosis-1.19.2-6.5.2.jar%23234!/:6.5.2]
	at shadows.apotheosis.adventure.loot.LootCategory.forItem(LootCategory.java:182) ~[Apotheosis-1.19.2-6.5.2.jar%23234!/:6.5.2]
	at shadows.apotheosis.adventure.loot.AffixLootEntry.getType(AffixLootEntry.java:95) ~[Apotheosis-1.19.2-6.5.2.jar%23234!/:6.5.2]
	at shadows.apotheosis.adventure.loot.AffixLootManager.validateItem(AffixLootManager.java:28) ~[Apotheosis-1.19.2-6.5.2.jar%23234!/:6.5.2]
	at shadows.apotheosis.adventure.loot.AffixLootManager.validateItem(AffixLootManager.java:11) ~[Apotheosis-1.19.2-6.5.2.jar%23234!/:6.5.2]
	at shadows.placebo.json.PlaceboJsonReloadListener.register(PlaceboJsonReloadListener.java:184) ~[Placebo-1.19.2-7.4.1.jar%23317!/:7.4.1]
	at shadows.placebo.json.WeightedJsonReloadListener.register(WeightedJsonReloadListener.java:47) ~[Placebo-1.19.2-7.4.1.jar%23317!/:7.4.1]
	at shadows.placebo.json.PlaceboJsonReloadListener.lambda$apply$0(PlaceboJsonReloadListener.java:105) ~[Placebo-1.19.2-7.4.1.jar%23317!/:7.4.1]
	at java.util.HashMap.forEach(HashMap.java:1421) ~[?:?]
	at shadows.placebo.json.PlaceboJsonReloadListener.apply(PlaceboJsonReloadListener.java:91) ~[Placebo-1.19.2-7.4.1.jar%23317!/:7.4.1]
	at shadows.placebo.json.PlaceboJsonReloadListener.m_5787_(PlaceboJsonReloadListener.java:47) ~[Placebo-1.19.2-7.4.1.jar%23317!/:7.4.1]
	at net.minecraft.server.packs.resources.SimplePreparableReloadListener.m_10789_(SimplePreparableReloadListener.java:13) ~[server-1.19.2-20220805.130853-srg.jar%23362!/:?]
	at java.util.concurrent.CompletableFuture$UniAccept.tryFire(CompletableFuture.java:718) ~[?:?]
	at java.util.concurrent.CompletableFuture$Completion.run(CompletableFuture.java:482) ~[?:?]
	at net.minecraft.server.packs.resources.SimpleReloadInstance.m_143940_(SimpleReloadInstance.java:69) ~[server-1.19.2-20220805.130853-srg.jar%23362!/:?]
	at net.minecraft.Util.m_214652_(Util.java:781) ~[server-1.19.2-20220805.130853-srg.jar%23362!/:?]
	at net.minecraft.Util.m_214679_(Util.java:770) ~[server-1.19.2-20220805.130853-srg.jar%23362!/:?]
	at net.minecraft.server.Main.main(Main.java:157) ~[server-1.19.2-20220805.130853-srg.jar%23362!/:?]
	at jdk.internal.reflect.NativeMethodAccessorImpl.invoke0(Native Method) ~[?:?]
	at jdk.internal.reflect.NativeMethodAccessorImpl.invoke(NativeMethodAccessorImpl.java:77) ~[?:?]
	at jdk.internal.reflect.DelegatingMethodAccessorImpl.invoke(DelegatingMethodAccessorImpl.java:43) ~[?:?]
	at java.lang.reflect.Method.invoke(Method.java:569) ~[?:?]
	at net.minecraftforge.fml.loading.targets.CommonServerLaunchHandler.lambda$launchService$0(CommonServerLaunchHandler.java:29) ~[fmlloader-1.19.2-43.5.0.jar%2373!/:?]
	at cpw.mods.modlauncher.LaunchServiceHandlerDecorator.launch(LaunchServiceHandlerDecorator.java:30) ~[modlauncher-10.0.8.jar%2355!/:?]
	at cpw.mods.modlauncher.LaunchServiceHandler.launch(LaunchServiceHandler.java:53) ~[modlauncher-10.0.8.jar%2355!/:?]
	at cpw.mods.modlauncher.LaunchServiceHandler.launch(LaunchServiceHandler.java:71) ~[modlauncher-10.0.8.jar%2355!/:?]
	at cpw.mods.modlauncher.Launcher.run(Launcher.java:106) ~[modlauncher-10.0.8.jar%2355!/:?]
	at cpw.mods.modlauncher.Launcher.main(Launcher.java:77) ~[modlauncher-10.0.8.jar%2355!/:?]
	at cpw.mods.modlauncher.BootstrapLaunchConsumer.accept(BootstrapLaunchConsumer.java:26) ~[modlauncher-10.0.8.jar%2355!/:?]
	at cpw.mods.modlauncher.BootstrapLaunchConsumer.accept(BootstrapLaunchConsumer.java:23) ~[modlauncher-10.0.8.jar%2355!/:?]
	at cpw.mods.bootstraplauncher.BootstrapLauncher.main(BootstrapLauncher.java:141) ~[bootstraplauncher-1.1.2.jar:?]
[21Nov2025 20:57:14.275] [main/ERROR] [Apotheosis : Adventure/]: Failed to execute ShieldBreakerTest
java.lang.NullPointerException: Cannot invoke "net.minecraft.world.entity.LivingEntity.m_213824_()" because "attacker" is null
	at net.minecraftforge.common.extensions.IForgeItem.canDisableShield(IForgeItem.java:674) ~[forge-1.19.2-43.5.0-universal.jar%23367!/:?]
	at net.minecraftforge.common.extensions.IForgeItemStack.canDisableShield(IForgeItemStack.java:231) ~[forge-1.19.2-43.5.0-universal.jar%23367!/:?]
	at shadows.apotheosis.adventure.loot.ShieldBreakerTest.test(ShieldBreakerTest.java:48) ~[Apotheosis-1.19.2-6.5.2.jar%23234!/:6.5.2]
	at shadows.apotheosis.adventure.loot.ShieldBreakerTest.test(ShieldBreakerTest.java:25) ~[Apotheosis-1.19.2-6.5.2.jar%23234!/:6.5.2]
	at shadows.apotheosis.adventure.loot.LootCategory.isValid(LootCategory.java:89) ~[Apotheosis-1.19.2-6.5.2.jar%23234!/:6.5.2]
	at shadows.apotheosis.adventure.loot.LootCategory.forItem(LootCategory.java:182) ~[Apotheosis-1.19.2-6.5.2.jar%23234!/:6.5.2]
	at shadows.apotheosis.adventure.loot.AffixLootEntry.getType(AffixLootEntry.java:95) ~[Apotheosis-1.19.2-6.5.2.jar%23234!/:6.5.2]
	at shadows.apotheosis.adventure.loot.AffixLootManager.validateItem(AffixLootManager.java:28) ~[Apotheosis-1.19.2-6.5.2.jar%23234!/:6.5.2]
	at shadows.apotheosis.adventure.loot.AffixLootManager.validateItem(AffixLootManager.java:11) ~[Apotheosis-1.19.2-6.5.2.jar%23234!/:6.5.2]
	at shadows.placebo.json.PlaceboJsonReloadListener.register(PlaceboJsonReloadListener.java:184) ~[Placebo-1.19.2-7.4.1.jar%23317!/:7.4.1]
	at shadows.placebo.json.WeightedJsonReloadListener.register(WeightedJsonReloadListener.java:47) ~[Placebo-1.19.2-7.4.1.jar%23317!/:7.4.1]
	at shadows.placebo.json.PlaceboJsonReloadListener.lambda$apply$0(PlaceboJsonReloadListener.java:105) ~[Placebo-1.19.2-7.4.1.jar%23317!/:7.4.1]
	at java.util.HashMap.forEach(HashMap.java:1421) ~[?:?]
	at shadows.placebo.json.PlaceboJsonReloadListener.apply(PlaceboJsonReloadListener.java:91) ~[Placebo-1.19.2-7.4.1.jar%23317!/:7.4.1]
	at shadows.placebo.json.PlaceboJsonReloadListener.m_5787_(PlaceboJsonReloadListener.java:47) ~[Placebo-1.19.2-7.4.1.jar%23317!/:7.4.1]
	at net.minecraft.server.packs.resources.SimplePreparableReloadListener.m_10789_(SimplePreparableReloadListener.java:13) ~[server-1.19.2-20220805.130853-srg.jar%23362!/:?]
	at java.util.concurrent.CompletableFuture$UniAccept.tryFire(CompletableFuture.java:718) ~[?:?]
	at java.util.concurrent.CompletableFuture$Completion.run(CompletableFuture.java:482) ~[?:?]
	at net.minecraft.server.packs.resources.SimpleReloadInstance.m_143940_(SimpleReloadInstance.java:69) ~[server-1.19.2-20220805.130853-srg.jar%23362!/:?]
	at net.minecraft.Util.m_214652_(Util.java:781) ~[server-1.19.2-20220805.130853-srg.jar%23362!/:?]
	at net.minecraft.Util.m_214679_(Util.java:770) ~[server-1.19.2-20220805.130853-srg.jar%23362!/:?]
	at net.minecraft.server.Main.main(Main.java:157) ~[server-1.19.2-20220805.130853-srg.jar%23362!/:?]
	at jdk.internal.reflect.NativeMethodAccessorImpl.invoke0(Native Method) ~[?:?]
	at jdk.internal.reflect.NativeMethodAccessorImpl.invoke(NativeMethodAccessorImpl.java:77) ~[?:?]
	at jdk.internal.reflect.DelegatingMethodAccessorImpl.invoke(DelegatingMethodAccessorImpl.java:43) ~[?:?]
	at java.lang.reflect.Method.invoke(Method.java:569) ~[?:?]
	at net.minecraftforge.fml.loading.targets.CommonServerLaunchHandler.lambda$launchService$0(CommonServerLaunchHandler.java:29) ~[fmlloader-1.19.2-43.5.0.jar%2373!/:?]
	at cpw.mods.modlauncher.LaunchServiceHandlerDecorator.launch(LaunchServiceHandlerDecorator.java:30) ~[modlauncher-10.0.8.jar%2355!/:?]
	at cpw.mods.modlauncher.LaunchServiceHandler.launch(LaunchServiceHandler.java:53) ~[modlauncher-10.0.8.jar%2355!/:?]
	at cpw.mods.modlauncher.LaunchServiceHandler.launch(LaunchServiceHandler.java:71) ~[modlauncher-10.0.8.jar%2355!/:?]
	at cpw.mods.modlauncher.Launcher.run(Launcher.java:106) ~[modlauncher-10.0.8.jar%2355!/:?]
	at cpw.mods.modlauncher.Launcher.main(Launcher.java:77) ~[modlauncher-10.0.8.jar%2355!/:?]
	at cpw.mods.modlauncher.BootstrapLaunchConsumer.accept(BootstrapLaunchConsumer.java:26) ~[modlauncher-10.0.8.jar%2355!/:?]
	at cpw.mods.modlauncher.BootstrapLaunchConsumer.accept(BootstrapLaunchConsumer.java:23) ~[modlauncher-10.0.8.jar%2355!/:?]
	at cpw.mods.bootstraplauncher.BootstrapLauncher.main(BootstrapLauncher.java:141) ~[bootstraplauncher-1.1.2.jar:?]
[21Nov2025 20:57:14.277] [main/ERROR] [Apotheosis : Adventure/]: Failed to execute ShieldBreakerTest
java.lang.NullPointerException: Cannot invoke "net.minecraft.world.entity.LivingEntity.m_213824_()" because "attacker" is null
	at net.minecraftforge.common.extensions.IForgeItem.canDisableShield(IForgeItem.java:674) ~[forge-1.19.2-43.5.0-universal.jar%23367!/:?]
	at net.minecraftforge.common.extensions.IForgeItemStack.canDisableShield(IForgeItemStack.java:231) ~[forge-1.19.2-43.5.0-universal.jar%23367!/:?]
	at shadows.apotheosis.adventure.loot.ShieldBreakerTest.test(ShieldBreakerTest.java:48) ~[Apotheosis-1.19.2-6.5.2.jar%23234!/:6.5.2]
	at shadows.apotheosis.adventure.loot.ShieldBreakerTest.test(ShieldBreakerTest.java:25) ~[Apotheosis-1.19.2-6.5.2.jar%23234!/:6.5.2]
	at shadows.apotheosis.adventure.loot.LootCategory.isValid(LootCategory.java:89) ~[Apotheosis-1.19.2-6.5.2.jar%23234!/:6.5.2]
	at shadows.apotheosis.adventure.loot.LootCategory.forItem(LootCategory.java:182) ~[Apotheosis-1.19.2-6.5.2.jar%23234!/:6.5.2]
	at shadows.apotheosis.adventure.loot.AffixLootEntry.getType(AffixLootEntry.java:95) ~[Apotheosis-1.19.2-6.5.2.jar%23234!/:6.5.2]
	at shadows.apotheosis.adventure.loot.AffixLootManager.validateItem(AffixLootManager.java:28) ~[Apotheosis-1.19.2-6.5.2.jar%23234!/:6.5.2]
	at shadows.apotheosis.adventure.loot.AffixLootManager.validateItem(AffixLootManager.java:11) ~[Apotheosis-1.19.2-6.5.2.jar%23234!/:6.5.2]
	at shadows.placebo.json.PlaceboJsonReloadListener.register(PlaceboJsonReloadListener.java:184) ~[Placebo-1.19.2-7.4.1.jar%23317!/:7.4.1]
	at shadows.placebo.json.WeightedJsonReloadListener.register(WeightedJsonReloadListener.java:47) ~[Placebo-1.19.2-7.4.1.jar%23317!/:7.4.1]
	at shadows.placebo.json.PlaceboJsonReloadListener.lambda$apply$0(PlaceboJsonReloadListener.java:105) ~[Placebo-1.19.2-7.4.1.jar%23317!/:7.4.1]
	at java.util.HashMap.forEach(HashMap.java:1421) ~[?:?]
	at shadows.placebo.json.PlaceboJsonReloadListener.apply(PlaceboJsonReloadListener.java:91) ~[Placebo-1.19.2-7.4.1.jar%23317!/:7.4.1]
	at shadows.placebo.json.PlaceboJsonReloadListener.m_5787_(PlaceboJsonReloadListener.java:47) ~[Placebo-1.19.2-7.4.1.jar%23317!/:7.4.1]
	at net.minecraft.server.packs.resources.SimplePreparableReloadListener.m_10789_(SimplePreparableReloadListener.java:13) ~[server-1.19.2-20220805.130853-srg.jar%23362!/:?]
	at java.util.concurrent.CompletableFuture$UniAccept.tryFire(CompletableFuture.java:718) ~[?:?]
	at java.util.concurrent.CompletableFuture$Completion.run(CompletableFuture.java:482) ~[?:?]
	at net.minecraft.server.packs.resources.SimpleReloadInstance.m_143940_(SimpleReloadInstance.java:69) ~[server-1.19.2-20220805.130853-srg.jar%23362!/:?]
	at net.minecraft.Util.m_214652_(Util.java:781) ~[server-1.19.2-20220805.130853-srg.jar%23362!/:?]
	at net.minecraft.Util.m_214679_(Util.java:770) ~[server-1.19.2-20220805.130853-srg.jar%23362!/:?]
	at net.minecraft.server.Main.main(Main.java:157) ~[server-1.19.2-20220805.130853-srg.jar%23362!/:?]
	at jdk.internal.reflect.NativeMethodAccessorImpl.invoke0(Native Method) ~[?:?]
	at jdk.internal.reflect.NativeMethodAccessorImpl.invoke(NativeMethodAccessorImpl.java:77) ~[?:?]
	at jdk.internal.reflect.DelegatingMethodAccessorImpl.invoke(DelegatingMethodAccessorImpl.java:43) ~[?:?]
	at java.lang.reflect.Method.invoke(Method.java:569) ~[?:?]
	at net.minecraftforge.fml.loading.targets.CommonServerLaunchHandler.lambda$launchService$0(CommonServerLaunchHandler.java:29) ~[fmlloader-1.19.2-43.5.0.jar%2373!/:?]
	at cpw.mods.modlauncher.LaunchServiceHandlerDecorator.launch(LaunchServiceHandlerDecorator.java:30) ~[modlauncher-10.0.8.jar%2355!/:?]
	at cpw.mods.modlauncher.LaunchServiceHandler.launch(LaunchServiceHandler.java:53) ~[modlauncher-10.0.8.jar%2355!/:?]
	at cpw.mods.modlauncher.LaunchServiceHandler.launch(LaunchServiceHandler.java:71) ~[modlauncher-10.0.8.jar%2355!/:?]
	at cpw.mods.modlauncher.Launcher.run(Launcher.java:106) ~[modlauncher-10.0.8.jar%2355!/:?]
	at cpw.mods.modlauncher.Launcher.main(Launcher.java:77) ~[modlauncher-10.0.8.jar%2355!/:?]
	at cpw.mods.modlauncher.BootstrapLaunchConsumer.accept(BootstrapLaunchConsumer.java:26) ~[modlauncher-10.0.8.jar%2355!/:?]
	at cpw.mods.modlauncher.BootstrapLaunchConsumer.accept(BootstrapLaunchConsumer.java:23) ~[modlauncher-10.0.8.jar%2355!/:?]
	at cpw.mods.bootstraplauncher.BootstrapLauncher.main(BootstrapLauncher.java:141) ~[bootstraplauncher-1.1.2.jar:?]
[21Nov2025 20:57:14.280] [main/ERROR] [Apotheosis : Adventure/]: Failed to execute ShieldBreakerTest
java.lang.NullPointerException: Cannot invoke "net.minecraft.world.entity.LivingEntity.m_213824_()" because "attacker" is null
	at net.minecraftforge.common.extensions.IForgeItem.canDisableShield(IForgeItem.java:674) ~[forge-1.19.2-43.5.0-universal.jar%23367!/:?]
	at net.minecraftforge.common.extensions.IForgeItemStack.canDisableShield(IForgeItemStack.java:231) ~[forge-1.19.2-43.5.0-universal.jar%23367!/:?]
	at shadows.apotheosis.adventure.loot.ShieldBreakerTest.test(ShieldBreakerTest.java:48) ~[Apotheosis-1.19.2-6.5.2.jar%23234!/:6.5.2]
	at shadows.apotheosis.adventure.loot.ShieldBreakerTest.test(ShieldBreakerTest.java:25) ~[Apotheosis-1.19.2-6.5.2.jar%23234!/:6.5.2]
	at shadows.apotheosis.adventure.loot.LootCategory.isValid(LootCategory.java:89) ~[Apotheosis-1.19.2-6.5.2.jar%23234!/:6.5.2]
	at shadows.apotheosis.adventure.loot.LootCategory.forItem(LootCategory.java:182) ~[Apotheosis-1.19.2-6.5.2.jar%23234!/:6.5.2]
	at shadows.apotheosis.adventure.loot.AffixLootEntry.getType(AffixLootEntry.java:95) ~[Apotheosis-1.19.2-6.5.2.jar%23234!/:6.5.2]
	at shadows.apotheosis.adventure.loot.AffixLootManager.validateItem(AffixLootManager.java:28) ~[Apotheosis-1.19.2-6.5.2.jar%23234!/:6.5.2]
	at shadows.apotheosis.adventure.loot.AffixLootManager.validateItem(AffixLootManager.java:11) ~[Apotheosis-1.19.2-6.5.2.jar%23234!/:6.5.2]
	at shadows.placebo.json.PlaceboJsonReloadListener.register(PlaceboJsonReloadListener.java:184) ~[Placebo-1.19.2-7.4.1.jar%23317!/:7.4.1]
	at shadows.placebo.json.WeightedJsonReloadListener.register(WeightedJsonReloadListener.java:47) ~[Placebo-1.19.2-7.4.1.jar%23317!/:7.4.1]
	at shadows.placebo.json.PlaceboJsonReloadListener.lambda$apply$0(PlaceboJsonReloadListener.java:105) ~[Placebo-1.19.2-7.4.1.jar%23317!/:7.4.1]
	at java.util.HashMap.forEach(HashMap.java:1421) ~[?:?]
	at shadows.placebo.json.PlaceboJsonReloadListener.apply(PlaceboJsonReloadListener.java:91) ~[Placebo-1.19.2-7.4.1.jar%23317!/:7.4.1]
	at shadows.placebo.json.PlaceboJsonReloadListener.m_5787_(PlaceboJsonReloadListener.java:47) ~[Placebo-1.19.2-7.4.1.jar%23317!/:7.4.1]
	at net.minecraft.server.packs.resources.SimplePreparableReloadListener.m_10789_(SimplePreparableReloadListener.java:13) ~[server-1.19.2-20220805.130853-srg.jar%23362!/:?]
	at java.util.concurrent.CompletableFuture$UniAccept.tryFire(CompletableFuture.java:718) ~[?:?]
	at java.util.concurrent.CompletableFuture$Completion.run(CompletableFuture.java:482) ~[?:?]
	at net.minecraft.server.packs.resources.SimpleReloadInstance.m_143940_(SimpleReloadInstance.java:69) ~[server-1.19.2-20220805.130853-srg.jar%23362!/:?]
	at net.minecraft.Util.m_214652_(Util.java:781) ~[server-1.19.2-20220805.130853-srg.jar%23362!/:?]
	at net.minecraft.Util.m_214679_(Util.java:770) ~[server-1.19.2-20220805.130853-srg.jar%23362!/:?]
	at net.minecraft.server.Main.main(Main.java:157) ~[server-1.19.2-20220805.130853-srg.jar%23362!/:?]
	at jdk.internal.reflect.NativeMethodAccessorImpl.invoke0(Native Method) ~[?:?]
	at jdk.internal.reflect.NativeMethodAccessorImpl.invoke(NativeMethodAccessorImpl.java:77) ~[?:?]
	at jdk.internal.reflect.DelegatingMethodAccessorImpl.invoke(DelegatingMethodAccessorImpl.java:43) ~[?:?]
	at java.lang.reflect.Method.invoke(Method.java:569) ~[?:?]
	at net.minecraftforge.fml.loading.targets.CommonServerLaunchHandler.lambda$launchService$0(CommonServerLaunchHandler.java:29) ~[fmlloader-1.19.2-43.5.0.jar%2373!/:?]
	at cpw.mods.modlauncher.LaunchServiceHandlerDecorator.launch(LaunchServiceHandlerDecorator.java:30) ~[modlauncher-10.0.8.jar%2355!/:?]
	at cpw.mods.modlauncher.LaunchServiceHandler.launch(LaunchServiceHandler.java:53) ~[modlauncher-10.0.8.jar%2355!/:?]
	at cpw.mods.modlauncher.LaunchServiceHandler.launch(LaunchServiceHandler.java:71) ~[modlauncher-10.0.8.jar%2355!/:?]
	at cpw.mods.modlauncher.Launcher.run(Launcher.java:106) ~[modlauncher-10.0.8.jar%2355!/:?]
	at cpw.mods.modlauncher.Launcher.main(Launcher.java:77) ~[modlauncher-10.0.8.jar%2355!/:?]
	at cpw.mods.modlauncher.BootstrapLaunchConsumer.accept(BootstrapLaunchConsumer.java:26) ~[modlauncher-10.0.8.jar%2355!/:?]
	at cpw.mods.modlauncher.BootstrapLaunchConsumer.accept(BootstrapLaunchConsumer.java:23) ~[modlauncher-10.0.8.jar%2355!/:?]
	at cpw.mods.bootstraplauncher.BootstrapLauncher.main(BootstrapLauncher.java:141) ~[bootstraplauncher-1.1.2.jar:?]
[21Nov2025 20:57:14.282] [main/ERROR] [Apotheosis : Adventure/]: Failed to execute ShieldBreakerTest
java.lang.NullPointerException: Cannot invoke "net.minecraft.world.entity.LivingEntity.m_213824_()" because "attacker" is null
	at net.minecraftforge.common.extensions.IForgeItem.canDisableShield(IForgeItem.java:674) ~[forge-1.19.2-43.5.0-universal.jar%23367!/:?]
	at net.minecraftforge.common.extensions.IForgeItemStack.canDisableShield(IForgeItemStack.java:231) ~[forge-1.19.2-43.5.0-universal.jar%23367!/:?]
	at shadows.apotheosis.adventure.loot.ShieldBreakerTest.test(ShieldBreakerTest.java:48) ~[Apotheosis-1.19.2-6.5.2.jar%23234!/:6.5.2]
	at shadows.apotheosis.adventure.loot.ShieldBreakerTest.test(ShieldBreakerTest.java:25) ~[Apotheosis-1.19.2-6.5.2.jar%23234!/:6.5.2]
	at shadows.apotheosis.adventure.loot.LootCategory.isValid(LootCategory.java:89) ~[Apotheosis-1.19.2-6.5.2.jar%23234!/:6.5.2]
	at shadows.apotheosis.adventure.loot.LootCategory.forItem(LootCategory.java:182) ~[Apotheosis-1.19.2-6.5.2.jar%23234!/:6.5.2]
	at shadows.apotheosis.adventure.loot.AffixLootEntry.getType(AffixLootEntry.java:95) ~[Apotheosis-1.19.2-6.5.2.jar%23234!/:6.5.2]
	at shadows.apotheosis.adventure.loot.AffixLootManager.validateItem(AffixLootManager.java:28) ~[Apotheosis-1.19.2-6.5.2.jar%23234!/:6.5.2]
	at shadows.apotheosis.adventure.loot.AffixLootManager.validateItem(AffixLootManager.java:11) ~[Apotheosis-1.19.2-6.5.2.jar%23234!/:6.5.2]
	at shadows.placebo.json.PlaceboJsonReloadListener.register(PlaceboJsonReloadListener.java:184) ~[Placebo-1.19.2-7.4.1.jar%23317!/:7.4.1]
	at shadows.placebo.json.WeightedJsonReloadListener.register(WeightedJsonReloadListener.java:47) ~[Placebo-1.19.2-7.4.1.jar%23317!/:7.4.1]
	at shadows.placebo.json.PlaceboJsonReloadListener.lambda$apply$0(PlaceboJsonReloadListener.java:105) ~[Placebo-1.19.2-7.4.1.jar%23317!/:7.4.1]
	at java.util.HashMap.forEach(HashMap.java:1421) ~[?:?]
	at shadows.placebo.json.PlaceboJsonReloadListener.apply(PlaceboJsonReloadListener.java:91) ~[Placebo-1.19.2-7.4.1.jar%23317!/:7.4.1]
	at shadows.placebo.json.PlaceboJsonReloadListener.m_5787_(PlaceboJsonReloadListener.java:47) ~[Placebo-1.19.2-7.4.1.jar%23317!/:7.4.1]
	at net.minecraft.server.packs.resources.SimplePreparableReloadListener.m_10789_(SimplePreparableReloadListener.java:13) ~[server-1.19.2-20220805.130853-srg.jar%23362!/:?]
	at java.util.concurrent.CompletableFuture$UniAccept.tryFire(CompletableFuture.java:718) ~[?:?]
	at java.util.concurrent.CompletableFuture$Completion.run(CompletableFuture.java:482) ~[?:?]
	at net.minecraft.server.packs.resources.SimpleReloadInstance.m_143940_(SimpleReloadInstance.java:69) ~[server-1.19.2-20220805.130853-srg.jar%23362!/:?]
	at net.minecraft.Util.m_214652_(Util.java:781) ~[server-1.19.2-20220805.130853-srg.jar%23362!/:?]
	at net.minecraft.Util.m_214679_(Util.java:770) ~[server-1.19.2-20220805.130853-srg.jar%23362!/:?]
	at net.minecraft.server.Main.main(Main.java:157) ~[server-1.19.2-20220805.130853-srg.jar%23362!/:?]
	at jdk.internal.reflect.NativeMethodAccessorImpl.invoke0(Native Method) ~[?:?]
	at jdk.internal.reflect.NativeMethodAccessorImpl.invoke(NativeMethodAccessorImpl.java:77) ~[?:?]
	at jdk.internal.reflect.DelegatingMethodAccessorImpl.invoke(DelegatingMethodAccessorImpl.java:43) ~[?:?]
	at java.lang.reflect.Method.invoke(Method.java:569) ~[?:?]
	at net.minecraftforge.fml.loading.targets.CommonServerLaunchHandler.lambda$launchService$0(CommonServerLaunchHandler.java:29) ~[fmlloader-1.19.2-43.5.0.jar%2373!/:?]
	at cpw.mods.modlauncher.LaunchServiceHandlerDecorator.launch(LaunchServiceHandlerDecorator.java:30) ~[modlauncher-10.0.8.jar%2355!/:?]
	at cpw.mods.modlauncher.LaunchServiceHandler.launch(LaunchServiceHandler.java:53) ~[modlauncher-10.0.8.jar%2355!/:?]
	at cpw.mods.modlauncher.LaunchServiceHandler.launch(LaunchServiceHandler.java:71) ~[modlauncher-10.0.8.jar%2355!/:?]
	at cpw.mods.modlauncher.Launcher.run(Launcher.java:106) ~[modlauncher-10.0.8.jar%2355!/:?]
	at cpw.mods.modlauncher.Launcher.main(Launcher.java:77) ~[modlauncher-10.0.8.jar%2355!/:?]
	at cpw.mods.modlauncher.BootstrapLaunchConsumer.accept(BootstrapLaunchConsumer.java:26) ~[modlauncher-10.0.8.jar%2355!/:?]
	at cpw.mods.modlauncher.BootstrapLaunchConsumer.accept(BootstrapLaunchConsumer.java:23) ~[modlauncher-10.0.8.jar%2355!/:?]
	at cpw.mods.bootstraplauncher.BootstrapLauncher.main(BootstrapLauncher.java:141) ~[bootstraplauncher-1.1.2.jar:?]
[21Nov2025 20:57:14.285] [main/ERROR] [Apotheosis : Adventure/]: Failed to execute ShieldBreakerTest
java.lang.NullPointerException: Cannot invoke "net.minecraft.world.entity.LivingEntity.m_213824_()" because "attacker" is null
	at net.minecraftforge.common.extensions.IForgeItem.canDisableShield(IForgeItem.java:674) ~[forge-1.19.2-43.5.0-universal.jar%23367!/:?]
	at net.minecraftforge.common.extensions.IForgeItemStack.canDisableShield(IForgeItemStack.java:231) ~[forge-1.19.2-43.5.0-universal.jar%23367!/:?]
	at shadows.apotheosis.adventure.loot.ShieldBreakerTest.test(ShieldBreakerTest.java:48) ~[Apotheosis-1.19.2-6.5.2.jar%23234!/:6.5.2]
	at shadows.apotheosis.adventure.loot.ShieldBreakerTest.test(ShieldBreakerTest.java:25) ~[Apotheosis-1.19.2-6.5.2.jar%23234!/:6.5.2]
	at shadows.apotheosis.adventure.loot.LootCategory.isValid(LootCategory.java:89) ~[Apotheosis-1.19.2-6.5.2.jar%23234!/:6.5.2]
	at shadows.apotheosis.adventure.loot.LootCategory.forItem(LootCategory.java:182) ~[Apotheosis-1.19.2-6.5.2.jar%23234!/:6.5.2]
	at shadows.apotheosis.adventure.loot.AffixLootEntry.getType(AffixLootEntry.java:95) ~[Apotheosis-1.19.2-6.5.2.jar%23234!/:6.5.2]
	at shadows.apotheosis.adventure.loot.AffixLootManager.validateItem(AffixLootManager.java:28) ~[Apotheosis-1.19.2-6.5.2.jar%23234!/:6.5.2]
	at shadows.apotheosis.adventure.loot.AffixLootManager.validateItem(AffixLootManager.java:11) ~[Apotheosis-1.19.2-6.5.2.jar%23234!/:6.5.2]
	at shadows.placebo.json.PlaceboJsonReloadListener.register(PlaceboJsonReloadListener.java:184) ~[Placebo-1.19.2-7.4.1.jar%23317!/:7.4.1]
	at shadows.placebo.json.WeightedJsonReloadListener.register(WeightedJsonReloadListener.java:47) ~[Placebo-1.19.2-7.4.1.jar%23317!/:7.4.1]
	at shadows.placebo.json.PlaceboJsonReloadListener.lambda$apply$0(PlaceboJsonReloadListener.java:105) ~[Placebo-1.19.2-7.4.1.jar%23317!/:7.4.1]
	at java.util.HashMap.forEach(HashMap.java:1421) ~[?:?]
	at shadows.placebo.json.PlaceboJsonReloadListener.apply(PlaceboJsonReloadListener.java:91) ~[Placebo-1.19.2-7.4.1.jar%23317!/:7.4.1]
	at shadows.placebo.json.PlaceboJsonReloadListener.m_5787_(PlaceboJsonReloadListener.java:47) ~[Placebo-1.19.2-7.4.1.jar%23317!/:7.4.1]
	at net.minecraft.server.packs.resources.SimplePreparableReloadListener.m_10789_(SimplePreparableReloadListener.java:13) ~[server-1.19.2-20220805.130853-srg.jar%23362!/:?]
	at java.util.concurrent.CompletableFuture$UniAccept.tryFire(CompletableFuture.java:718) ~[?:?]
	at java.util.concurrent.CompletableFuture$Completion.run(CompletableFuture.java:482) ~[?:?]
	at net.minecraft.server.packs.resources.SimpleReloadInstance.m_143940_(SimpleReloadInstance.java:69) ~[server-1.19.2-20220805.130853-srg.jar%23362!/:?]
	at net.minecraft.Util.m_214652_(Util.java:781) ~[server-1.19.2-20220805.130853-srg.jar%23362!/:?]
	at net.minecraft.Util.m_214679_(Util.java:770) ~[server-1.19.2-20220805.130853-srg.jar%23362!/:?]
	at net.minecraft.server.Main.main(Main.java:157) ~[server-1.19.2-20220805.130853-srg.jar%23362!/:?]
	at jdk.internal.reflect.NativeMethodAccessorImpl.invoke0(Native Method) ~[?:?]
	at jdk.internal.reflect.NativeMethodAccessorImpl.invoke(NativeMethodAccessorImpl.java:77) ~[?:?]
	at jdk.internal.reflect.DelegatingMethodAccessorImpl.invoke(DelegatingMethodAccessorImpl.java:43) ~[?:?]
	at java.lang.reflect.Method.invoke(Method.java:569) ~[?:?]
	at net.minecraftforge.fml.loading.targets.CommonServerLaunchHandler.lambda$launchService$0(CommonServerLaunchHandler.java:29) ~[fmlloader-1.19.2-43.5.0.jar%2373!/:?]
	at cpw.mods.modlauncher.LaunchServiceHandlerDecorator.launch(LaunchServiceHandlerDecorator.java:30) ~[modlauncher-10.0.8.jar%2355!/:?]
	at cpw.mods.modlauncher.LaunchServiceHandler.launch(LaunchServiceHandler.java:53) ~[modlauncher-10.0.8.jar%2355!/:?]
	at cpw.mods.modlauncher.LaunchServiceHandler.launch(LaunchServiceHandler.java:71) ~[modlauncher-10.0.8.jar%2355!/:?]
	at cpw.mods.modlauncher.Launcher.run(Launcher.java:106) ~[modlauncher-10.0.8.jar%2355!/:?]
	at cpw.mods.modlauncher.Launcher.main(Launcher.java:77) ~[modlauncher-10.0.8.jar%2355!/:?]
	at cpw.mods.modlauncher.BootstrapLaunchConsumer.accept(BootstrapLaunchConsumer.java:26) ~[modlauncher-10.0.8.jar%2355!/:?]
	at cpw.mods.modlauncher.BootstrapLaunchConsumer.accept(BootstrapLaunchConsumer.java:23) ~[modlauncher-10.0.8.jar%2355!/:?]
	at cpw.mods.bootstraplauncher.BootstrapLauncher.main(BootstrapLauncher.java:141) ~[bootstraplauncher-1.1.2.jar:?]
[21Nov2025 20:57:14.287] [main/ERROR] [Apotheosis : Adventure/]: Failed to execute ShieldBreakerTest
java.lang.NullPointerException: Cannot invoke "net.minecraft.world.entity.LivingEntity.m_213824_()" because "attacker" is null
	at net.minecraftforge.common.extensions.IForgeItem.canDisableShield(IForgeItem.java:674) ~[forge-1.19.2-43.5.0-universal.jar%23367!/:?]
	at net.minecraftforge.common.extensions.IForgeItemStack.canDisableShield(IForgeItemStack.java:231) ~[forge-1.19.2-43.5.0-universal.jar%23367!/:?]
	at shadows.apotheosis.adventure.loot.ShieldBreakerTest.test(ShieldBreakerTest.java:48) ~[Apotheosis-1.19.2-6.5.2.jar%23234!/:6.5.2]
	at shadows.apotheosis.adventure.loot.ShieldBreakerTest.test(ShieldBreakerTest.java:25) ~[Apotheosis-1.19.2-6.5.2.jar%23234!/:6.5.2]
	at shadows.apotheosis.adventure.loot.LootCategory.isValid(LootCategory.java:89) ~[Apotheosis-1.19.2-6.5.2.jar%23234!/:6.5.2]
	at shadows.apotheosis.adventure.loot.LootCategory.forItem(LootCategory.java:182) ~[Apotheosis-1.19.2-6.5.2.jar%23234!/:6.5.2]
	at shadows.apotheosis.adventure.loot.AffixLootEntry.getType(AffixLootEntry.java:95) ~[Apotheosis-1.19.2-6.5.2.jar%23234!/:6.5.2]
	at shadows.apotheosis.adventure.loot.AffixLootManager.validateItem(AffixLootManager.java:28) ~[Apotheosis-1.19.2-6.5.2.jar%23234!/:6.5.2]
	at shadows.apotheosis.adventure.loot.AffixLootManager.validateItem(AffixLootManager.java:11) ~[Apotheosis-1.19.2-6.5.2.jar%23234!/:6.5.2]
	at shadows.placebo.json.PlaceboJsonReloadListener.register(PlaceboJsonReloadListener.java:184) ~[Placebo-1.19.2-7.4.1.jar%23317!/:7.4.1]
	at shadows.placebo.json.WeightedJsonReloadListener.register(WeightedJsonReloadListener.java:47) ~[Placebo-1.19.2-7.4.1.jar%23317!/:7.4.1]
	at shadows.placebo.json.PlaceboJsonReloadListener.lambda$apply$0(PlaceboJsonReloadListener.java:105) ~[Placebo-1.19.2-7.4.1.jar%23317!/:7.4.1]
	at java.util.HashMap.forEach(HashMap.java:1421) ~[?:?]
	at shadows.placebo.json.PlaceboJsonReloadListener.apply(PlaceboJsonReloadListener.java:91) ~[Placebo-1.19.2-7.4.1.jar%23317!/:7.4.1]
	at shadows.placebo.json.PlaceboJsonReloadListener.m_5787_(PlaceboJsonReloadListener.java:47) ~[Placebo-1.19.2-7.4.1.jar%23317!/:7.4.1]
	at net.minecraft.server.packs.resources.SimplePreparableReloadListener.m_10789_(SimplePreparableReloadListener.java:13) ~[server-1.19.2-20220805.130853-srg.jar%23362!/:?]
	at java.util.concurrent.CompletableFuture$UniAccept.tryFire(CompletableFuture.java:718) ~[?:?]
	at java.util.concurrent.CompletableFuture$Completion.run(CompletableFuture.java:482) ~[?:?]
	at net.minecraft.server.packs.resources.SimpleReloadInstance.m_143940_(SimpleReloadInstance.java:69) ~[server-1.19.2-20220805.130853-srg.jar%23362!/:?]
	at net.minecraft.Util.m_214652_(Util.java:781) ~[server-1.19.2-20220805.130853-srg.jar%23362!/:?]
	at net.minecraft.Util.m_214679_(Util.java:770) ~[server-1.19.2-20220805.130853-srg.jar%23362!/:?]
	at net.minecraft.server.Main.main(Main.java:157) ~[server-1.19.2-20220805.130853-srg.jar%23362!/:?]
	at jdk.internal.reflect.NativeMethodAccessorImpl.invoke0(Native Method) ~[?:?]
	at jdk.internal.reflect.NativeMethodAccessorImpl.invoke(NativeMethodAccessorImpl.java:77) ~[?:?]
	at jdk.internal.reflect.DelegatingMethodAccessorImpl.invoke(DelegatingMethodAccessorImpl.java:43) ~[?:?]
	at java.lang.reflect.Method.invoke(Method.java:569) ~[?:?]
	at net.minecraftforge.fml.loading.targets.CommonServerLaunchHandler.lambda$launchService$0(CommonServerLaunchHandler.java:29) ~[fmlloader-1.19.2-43.5.0.jar%2373!/:?]
	at cpw.mods.modlauncher.LaunchServiceHandlerDecorator.launch(LaunchServiceHandlerDecorator.java:30) ~[modlauncher-10.0.8.jar%2355!/:?]
	at cpw.mods.modlauncher.LaunchServiceHandler.launch(LaunchServiceHandler.java:53) ~[modlauncher-10.0.8.jar%2355!/:?]
	at cpw.mods.modlauncher.LaunchServiceHandler.launch(LaunchServiceHandler.java:71) ~[modlauncher-10.0.8.jar%2355!/:?]
	at cpw.mods.modlauncher.Launcher.run(Launcher.java:106) ~[modlauncher-10.0.8.jar%2355!/:?]
	at cpw.mods.modlauncher.Launcher.main(Launcher.java:77) ~[modlauncher-10.0.8.jar%2355!/:?]
	at cpw.mods.modlauncher.BootstrapLaunchConsumer.accept(BootstrapLaunchConsumer.java:26) ~[modlauncher-10.0.8.jar%2355!/:?]
	at cpw.mods.modlauncher.BootstrapLaunchConsumer.accept(BootstrapLaunchConsumer.java:23) ~[modlauncher-10.0.8.jar%2355!/:?]
	at cpw.mods.bootstraplauncher.BootstrapLauncher.main(BootstrapLauncher.java:141) ~[bootstraplauncher-1.1.2.jar:?]
[21Nov2025 20:57:14.292] [main/ERROR] [Apotheosis : Adventure/]: Failed to execute ShieldBreakerTest
java.lang.NullPointerException: Cannot invoke "net.minecraft.world.entity.LivingEntity.m_213824_()" because "attacker" is null
	at net.minecraftforge.common.extensions.IForgeItem.canDisableShield(IForgeItem.java:674) ~[forge-1.19.2-43.5.0-universal.jar%23367!/:?]
	at net.minecraftforge.common.extensions.IForgeItemStack.canDisableShield(IForgeItemStack.java:231) ~[forge-1.19.2-43.5.0-universal.jar%23367!/:?]
	at shadows.apotheosis.adventure.loot.ShieldBreakerTest.test(ShieldBreakerTest.java:48) ~[Apotheosis-1.19.2-6.5.2.jar%23234!/:6.5.2]
	at shadows.apotheosis.adventure.loot.ShieldBreakerTest.test(ShieldBreakerTest.java:25) ~[Apotheosis-1.19.2-6.5.2.jar%23234!/:6.5.2]
	at shadows.apotheosis.adventure.loot.LootCategory.isValid(LootCategory.java:89) ~[Apotheosis-1.19.2-6.5.2.jar%23234!/:6.5.2]
	at shadows.apotheosis.adventure.loot.LootCategory.forItem(LootCategory.java:182) ~[Apotheosis-1.19.2-6.5.2.jar%23234!/:6.5.2]
	at shadows.apotheosis.adventure.loot.AffixLootEntry.getType(AffixLootEntry.java:95) ~[Apotheosis-1.19.2-6.5.2.jar%23234!/:6.5.2]
	at shadows.apotheosis.adventure.loot.AffixLootManager.validateItem(AffixLootManager.java:28) ~[Apotheosis-1.19.2-6.5.2.jar%23234!/:6.5.2]
	at shadows.apotheosis.adventure.loot.AffixLootManager.validateItem(AffixLootManager.java:11) ~[Apotheosis-1.19.2-6.5.2.jar%23234!/:6.5.2]
	at shadows.placebo.json.PlaceboJsonReloadListener.register(PlaceboJsonReloadListener.java:184) ~[Placebo-1.19.2-7.4.1.jar%23317!/:7.4.1]
	at shadows.placebo.json.WeightedJsonReloadListener.register(WeightedJsonReloadListener.java:47) ~[Placebo-1.19.2-7.4.1.jar%23317!/:7.4.1]
	at shadows.placebo.json.PlaceboJsonReloadListener.lambda$apply$0(PlaceboJsonReloadListener.java:105) ~[Placebo-1.19.2-7.4.1.jar%23317!/:7.4.1]
	at java.util.HashMap.forEach(HashMap.java:1421) ~[?:?]
	at shadows.placebo.json.PlaceboJsonReloadListener.apply(PlaceboJsonReloadListener.java:91) ~[Placebo-1.19.2-7.4.1.jar%23317!/:7.4.1]
	at shadows.placebo.json.PlaceboJsonReloadListener.m_5787_(PlaceboJsonReloadListener.java:47) ~[Placebo-1.19.2-7.4.1.jar%23317!/:7.4.1]
	at net.minecraft.server.packs.resources.SimplePreparableReloadListener.m_10789_(SimplePreparableReloadListener.java:13) ~[server-1.19.2-20220805.130853-srg.jar%23362!/:?]
	at java.util.concurrent.CompletableFuture$UniAccept.tryFire(CompletableFuture.java:718) ~[?:?]
	at java.util.concurrent.CompletableFuture$Completion.run(CompletableFuture.java:482) ~[?:?]
	at net.minecraft.server.packs.resources.SimpleReloadInstance.m_143940_(SimpleReloadInstance.java:69) ~[server-1.19.2-20220805.130853-srg.jar%23362!/:?]
	at net.minecraft.Util.m_214652_(Util.java:781) ~[server-1.19.2-20220805.130853-srg.jar%23362!/:?]
	at net.minecraft.Util.m_214679_(Util.java:770) ~[server-1.19.2-20220805.130853-srg.jar%23362!/:?]
	at net.minecraft.server.Main.main(Main.java:157) ~[server-1.19.2-20220805.130853-srg.jar%23362!/:?]
	at jdk.internal.reflect.NativeMethodAccessorImpl.invoke0(Native Method) ~[?:?]
	at jdk.internal.reflect.NativeMethodAccessorImpl.invoke(NativeMethodAccessorImpl.java:77) ~[?:?]
	at jdk.internal.reflect.DelegatingMethodAccessorImpl.invoke(DelegatingMethodAccessorImpl.java:43) ~[?:?]
	at java.lang.reflect.Method.invoke(Method.java:569) ~[?:?]
	at net.minecraftforge.fml.loading.targets.CommonServerLaunchHandler.lambda$launchService$0(CommonServerLaunchHandler.java:29) ~[fmlloader-1.19.2-43.5.0.jar%2373!/:?]
	at cpw.mods.modlauncher.LaunchServiceHandlerDecorator.launch(LaunchServiceHandlerDecorator.java:30) ~[modlauncher-10.0.8.jar%2355!/:?]
	at cpw.mods.modlauncher.LaunchServiceHandler.launch(LaunchServiceHandler.java:53) ~[modlauncher-10.0.8.jar%2355!/:?]
	at cpw.mods.modlauncher.LaunchServiceHandler.launch(LaunchServiceHandler.java:71) ~[modlauncher-10.0.8.jar%2355!/:?]
	at cpw.mods.modlauncher.Launcher.run(Launcher.java:106) ~[modlauncher-10.0.8.jar%2355!/:?]
	at cpw.mods.modlauncher.Launcher.main(Launcher.java:77) ~[modlauncher-10.0.8.jar%2355!/:?]
	at cpw.mods.modlauncher.BootstrapLaunchConsumer.accept(BootstrapLaunchConsumer.java:26) ~[modlauncher-10.0.8.jar%2355!/:?]
	at cpw.mods.modlauncher.BootstrapLaunchConsumer.accept(BootstrapLaunchConsumer.java:23) ~[modlauncher-10.0.8.jar%2355!/:?]
	at cpw.mods.bootstraplauncher.BootstrapLauncher.main(BootstrapLauncher.java:141) ~[bootstraplauncher-1.1.2.jar:?]
[21Nov2025 20:57:14.295] [main/ERROR] [Apotheosis : Adventure/]: Failed to execute ShieldBreakerTest
java.lang.NullPointerException: Cannot invoke "net.minecraft.world.entity.LivingEntity.m_213824_()" because "attacker" is null
	at net.minecraftforge.common.extensions.IForgeItem.canDisableShield(IForgeItem.java:674) ~[forge-1.19.2-43.5.0-universal.jar%23367!/:?]
	at net.minecraftforge.common.extensions.IForgeItemStack.canDisableShield(IForgeItemStack.java:231) ~[forge-1.19.2-43.5.0-universal.jar%23367!/:?]
	at shadows.apotheosis.adventure.loot.ShieldBreakerTest.test(ShieldBreakerTest.java:48) ~[Apotheosis-1.19.2-6.5.2.jar%23234!/:6.5.2]
	at shadows.apotheosis.adventure.loot.ShieldBreakerTest.test(ShieldBreakerTest.java:25) ~[Apotheosis-1.19.2-6.5.2.jar%23234!/:6.5.2]
	at shadows.apotheosis.adventure.loot.LootCategory.isValid(LootCategory.java:89) ~[Apotheosis-1.19.2-6.5.2.jar%23234!/:6.5.2]
	at shadows.apotheosis.adventure.loot.LootCategory.forItem(LootCategory.java:182) ~[Apotheosis-1.19.2-6.5.2.jar%23234!/:6.5.2]
	at shadows.apotheosis.adventure.loot.AffixLootEntry.getType(AffixLootEntry.java:95) ~[Apotheosis-1.19.2-6.5.2.jar%23234!/:6.5.2]
	at shadows.apotheosis.adventure.loot.AffixLootManager.validateItem(AffixLootManager.java:28) ~[Apotheosis-1.19.2-6.5.2.jar%23234!/:6.5.2]
	at shadows.apotheosis.adventure.loot.AffixLootManager.validateItem(AffixLootManager.java:11) ~[Apotheosis-1.19.2-6.5.2.jar%23234!/:6.5.2]
	at shadows.placebo.json.PlaceboJsonReloadListener.register(PlaceboJsonReloadListener.java:184) ~[Placebo-1.19.2-7.4.1.jar%23317!/:7.4.1]
	at shadows.placebo.json.WeightedJsonReloadListener.register(WeightedJsonReloadListener.java:47) ~[Placebo-1.19.2-7.4.1.jar%23317!/:7.4.1]
	at shadows.placebo.json.PlaceboJsonReloadListener.lambda$apply$0(PlaceboJsonReloadListener.java:105) ~[Placebo-1.19.2-7.4.1.jar%23317!/:7.4.1]
	at java.util.HashMap.forEach(HashMap.java:1421) ~[?:?]
	at shadows.placebo.json.PlaceboJsonReloadListener.apply(PlaceboJsonReloadListener.java:91) ~[Placebo-1.19.2-7.4.1.jar%23317!/:7.4.1]
	at shadows.placebo.json.PlaceboJsonReloadListener.m_5787_(PlaceboJsonReloadListener.java:47) ~[Placebo-1.19.2-7.4.1.jar%23317!/:7.4.1]
	at net.minecraft.server.packs.resources.SimplePreparableReloadListener.m_10789_(SimplePreparableReloadListener.java:13) ~[server-1.19.2-20220805.130853-srg.jar%23362!/:?]
	at java.util.concurrent.CompletableFuture$UniAccept.tryFire(CompletableFuture.java:718) ~[?:?]
	at java.util.concurrent.CompletableFuture$Completion.run(CompletableFuture.java:482) ~[?:?]
	at net.minecraft.server.packs.resources.SimpleReloadInstance.m_143940_(SimpleReloadInstance.java:69) ~[server-1.19.2-20220805.130853-srg.jar%23362!/:?]
	at net.minecraft.Util.m_214652_(Util.java:781) ~[server-1.19.2-20220805.130853-srg.jar%23362!/:?]
	at net.minecraft.Util.m_214679_(Util.java:770) ~[server-1.19.2-20220805.130853-srg.jar%23362!/:?]
	at net.minecraft.server.Main.main(Main.java:157) ~[server-1.19.2-20220805.130853-srg.jar%23362!/:?]
	at jdk.internal.reflect.NativeMethodAccessorImpl.invoke0(Native Method) ~[?:?]
	at jdk.internal.reflect.NativeMethodAccessorImpl.invoke(NativeMethodAccessorImpl.java:77) ~[?:?]
	at jdk.internal.reflect.DelegatingMethodAccessorImpl.invoke(DelegatingMethodAccessorImpl.java:43) ~[?:?]
	at java.lang.reflect.Method.invoke(Method.java:569) ~[?:?]
	at net.minecraftforge.fml.loading.targets.CommonServerLaunchHandler.lambda$launchService$0(CommonServerLaunchHandler.java:29) ~[fmlloader-1.19.2-43.5.0.jar%2373!/:?]
	at cpw.mods.modlauncher.LaunchServiceHandlerDecorator.launch(LaunchServiceHandlerDecorator.java:30) ~[modlauncher-10.0.8.jar%2355!/:?]
	at cpw.mods.modlauncher.LaunchServiceHandler.launch(LaunchServiceHandler.java:53) ~[modlauncher-10.0.8.jar%2355!/:?]
	at cpw.mods.modlauncher.LaunchServiceHandler.launch(LaunchServiceHandler.java:71) ~[modlauncher-10.0.8.jar%2355!/:?]
	at cpw.mods.modlauncher.Launcher.run(Launcher.java:106) ~[modlauncher-10.0.8.jar%2355!/:?]
	at cpw.mods.modlauncher.Launcher.main(Launcher.java:77) ~[modlauncher-10.0.8.jar%2355!/:?]
	at cpw.mods.modlauncher.BootstrapLaunchConsumer.accept(BootstrapLaunchConsumer.java:26) ~[modlauncher-10.0.8.jar%2355!/:?]
	at cpw.mods.modlauncher.BootstrapLaunchConsumer.accept(BootstrapLaunchConsumer.java:23) ~[modlauncher-10.0.8.jar%2355!/:?]
	at cpw.mods.bootstraplauncher.BootstrapLauncher.main(BootstrapLauncher.java:141) ~[bootstraplauncher-1.1.2.jar:?]
[21Nov2025 20:57:14.297] [main/ERROR] [Apotheosis : Adventure/]: Failed to execute ShieldBreakerTest
java.lang.NullPointerException: Cannot invoke "net.minecraft.world.entity.LivingEntity.m_213824_()" because "attacker" is null
	at net.minecraftforge.common.extensions.IForgeItem.canDisableShield(IForgeItem.java:674) ~[forge-1.19.2-43.5.0-universal.jar%23367!/:?]
	at net.minecraftforge.common.extensions.IForgeItemStack.canDisableShield(IForgeItemStack.java:231) ~[forge-1.19.2-43.5.0-universal.jar%23367!/:?]
	at shadows.apotheosis.adventure.loot.ShieldBreakerTest.test(ShieldBreakerTest.java:48) ~[Apotheosis-1.19.2-6.5.2.jar%23234!/:6.5.2]
	at shadows.apotheosis.adventure.loot.ShieldBreakerTest.test(ShieldBreakerTest.java:25) ~[Apotheosis-1.19.2-6.5.2.jar%23234!/:6.5.2]
	at shadows.apotheosis.adventure.loot.LootCategory.isValid(LootCategory.java:89) ~[Apotheosis-1.19.2-6.5.2.jar%23234!/:6.5.2]
	at shadows.apotheosis.adventure.loot.LootCategory.forItem(LootCategory.java:182) ~[Apotheosis-1.19.2-6.5.2.jar%23234!/:6.5.2]
	at shadows.apotheosis.adventure.loot.AffixLootEntry.getType(AffixLootEntry.java:95) ~[Apotheosis-1.19.2-6.5.2.jar%23234!/:6.5.2]
	at shadows.apotheosis.adventure.loot.AffixLootManager.validateItem(AffixLootManager.java:28) ~[Apotheosis-1.19.2-6.5.2.jar%23234!/:6.5.2]
	at shadows.apotheosis.adventure.loot.AffixLootManager.validateItem(AffixLootManager.java:11) ~[Apotheosis-1.19.2-6.5.2.jar%23234!/:6.5.2]
	at shadows.placebo.json.PlaceboJsonReloadListener.register(PlaceboJsonReloadListener.java:184) ~[Placebo-1.19.2-7.4.1.jar%23317!/:7.4.1]
	at shadows.placebo.json.WeightedJsonReloadListener.register(WeightedJsonReloadListener.java:47) ~[Placebo-1.19.2-7.4.1.jar%23317!/:7.4.1]
	at shadows.placebo.json.PlaceboJsonReloadListener.lambda$apply$0(PlaceboJsonReloadListener.java:105) ~[Placebo-1.19.2-7.4.1.jar%23317!/:7.4.1]
	at java.util.HashMap.forEach(HashMap.java:1421) ~[?:?]
	at shadows.placebo.json.PlaceboJsonReloadListener.apply(PlaceboJsonReloadListener.java:91) ~[Placebo-1.19.2-7.4.1.jar%23317!/:7.4.1]
	at shadows.placebo.json.PlaceboJsonReloadListener.m_5787_(PlaceboJsonReloadListener.java:47) ~[Placebo-1.19.2-7.4.1.jar%23317!/:7.4.1]
	at net.minecraft.server.packs.resources.SimplePreparableReloadListener.m_10789_(SimplePreparableReloadListener.java:13) ~[server-1.19.2-20220805.130853-srg.jar%23362!/:?]
	at java.util.concurrent.CompletableFuture$UniAccept.tryFire(CompletableFuture.java:718) ~[?:?]
	at java.util.concurrent.CompletableFuture$Completion.run(CompletableFuture.java:482) ~[?:?]
	at net.minecraft.server.packs.resources.SimpleReloadInstance.m_143940_(SimpleReloadInstance.java:69) ~[server-1.19.2-20220805.130853-srg.jar%23362!/:?]
	at net.minecraft.Util.m_214652_(Util.java:781) ~[server-1.19.2-20220805.130853-srg.jar%23362!/:?]
	at net.minecraft.Util.m_214679_(Util.java:770) ~[server-1.19.2-20220805.130853-srg.jar%23362!/:?]
	at net.minecraft.server.Main.main(Main.java:157) ~[server-1.19.2-20220805.130853-srg.jar%23362!/:?]
	at jdk.internal.reflect.NativeMethodAccessorImpl.invoke0(Native Method) ~[?:?]
	at jdk.internal.reflect.NativeMethodAccessorImpl.invoke(NativeMethodAccessorImpl.java:77) ~[?:?]
	at jdk.internal.reflect.DelegatingMethodAccessorImpl.invoke(DelegatingMethodAccessorImpl.java:43) ~[?:?]
	at java.lang.reflect.Method.invoke(Method.java:569) ~[?:?]
	at net.minecraftforge.fml.loading.targets.CommonServerLaunchHandler.lambda$launchService$0(CommonServerLaunchHandler.java:29) ~[fmlloader-1.19.2-43.5.0.jar%2373!/:?]
	at cpw.mods.modlauncher.LaunchServiceHandlerDecorator.launch(LaunchServiceHandlerDecorator.java:30) ~[modlauncher-10.0.8.jar%2355!/:?]
	at cpw.mods.modlauncher.LaunchServiceHandler.launch(LaunchServiceHandler.java:53) ~[modlauncher-10.0.8.jar%2355!/:?]
	at cpw.mods.modlauncher.LaunchServiceHandler.launch(LaunchServiceHandler.java:71) ~[modlauncher-10.0.8.jar%2355!/:?]
	at cpw.mods.modlauncher.Launcher.run(Launcher.java:106) ~[modlauncher-10.0.8.jar%2355!/:?]
	at cpw.mods.modlauncher.Launcher.main(Launcher.java:77) ~[modlauncher-10.0.8.jar%2355!/:?]
	at cpw.mods.modlauncher.BootstrapLaunchConsumer.accept(BootstrapLaunchConsumer.java:26) ~[modlauncher-10.0.8.jar%2355!/:?]
	at cpw.mods.modlauncher.BootstrapLaunchConsumer.accept(BootstrapLaunchConsumer.java:23) ~[modlauncher-10.0.8.jar%2355!/:?]
	at cpw.mods.bootstraplauncher.BootstrapLauncher.main(BootstrapLauncher.java:141) ~[bootstraplauncher-1.1.2.jar:?]
[21Nov2025 20:57:14.471] [main/ERROR] [Apotheosis : Adventure/]: Failed to execute ShieldBreakerTest
java.lang.NullPointerException: Cannot invoke "net.minecraft.world.entity.LivingEntity.m_213824_()" because "attacker" is null
	at net.minecraftforge.common.extensions.IForgeItem.canDisableShield(IForgeItem.java:674) ~[forge-1.19.2-43.5.0-universal.jar%23367!/:?]
	at net.minecraftforge.common.extensions.IForgeItemStack.canDisableShield(IForgeItemStack.java:231) ~[forge-1.19.2-43.5.0-universal.jar%23367!/:?]
	at shadows.apotheosis.adventure.loot.ShieldBreakerTest.test(ShieldBreakerTest.java:48) ~[Apotheosis-1.19.2-6.5.2.jar%23234!/:6.5.2]
	at shadows.apotheosis.adventure.loot.ShieldBreakerTest.test(ShieldBreakerTest.java:25) ~[Apotheosis-1.19.2-6.5.2.jar%23234!/:6.5.2]
	at shadows.apotheosis.adventure.loot.LootCategory.isValid(LootCategory.java:89) ~[Apotheosis-1.19.2-6.5.2.jar%23234!/:6.5.2]
	at shadows.apotheosis.adventure.loot.LootCategory.forItem(LootCategory.java:182) ~[Apotheosis-1.19.2-6.5.2.jar%23234!/:6.5.2]
	at shadows.apotheosis.adventure.loot.AffixLootEntry.getType(AffixLootEntry.java:95) ~[Apotheosis-1.19.2-6.5.2.jar%23234!/:6.5.2]
	at shadows.apotheosis.adventure.loot.AffixLootManager.validateItem(AffixLootManager.java:28) ~[Apotheosis-1.19.2-6.5.2.jar%23234!/:6.5.2]
	at shadows.apotheosis.adventure.loot.AffixLootManager.validateItem(AffixLootManager.java:11) ~[Apotheosis-1.19.2-6.5.2.jar%23234!/:6.5.2]
	at shadows.placebo.json.PlaceboJsonReloadListener.register(PlaceboJsonReloadListener.java:184) ~[Placebo-1.19.2-7.4.1.jar%23317!/:7.4.1]
	at shadows.placebo.json.WeightedJsonReloadListener.register(WeightedJsonReloadListener.java:47) ~[Placebo-1.19.2-7.4.1.jar%23317!/:7.4.1]
	at shadows.placebo.json.PlaceboJsonReloadListener.lambda$apply$0(PlaceboJsonReloadListener.java:105) ~[Placebo-1.19.2-7.4.1.jar%23317!/:7.4.1]
	at java.util.HashMap.forEach(HashMap.java:1421) ~[?:?]
	at shadows.placebo.json.PlaceboJsonReloadListener.apply(PlaceboJsonReloadListener.java:91) ~[Placebo-1.19.2-7.4.1.jar%23317!/:7.4.1]
	at shadows.placebo.json.PlaceboJsonReloadListener.m_5787_(PlaceboJsonReloadListener.java:47) ~[Placebo-1.19.2-7.4.1.jar%23317!/:7.4.1]
	at net.minecraft.server.packs.resources.SimplePreparableReloadListener.m_10789_(SimplePreparableReloadListener.java:13) ~[server-1.19.2-20220805.130853-srg.jar%23362!/:?]
	at java.util.concurrent.CompletableFuture$UniAccept.tryFire(CompletableFuture.java:718) ~[?:?]
	at java.util.concurrent.CompletableFuture$Completion.run(CompletableFuture.java:482) ~[?:?]
	at net.minecraft.server.packs.resources.SimpleReloadInstance.m_143940_(SimpleReloadInstance.java:69) ~[server-1.19.2-20220805.130853-srg.jar%23362!/:?]
	at net.minecraft.Util.m_214652_(Util.java:781) ~[server-1.19.2-20220805.130853-srg.jar%23362!/:?]
	at net.minecraft.Util.m_214679_(Util.java:770) ~[server-1.19.2-20220805.130853-srg.jar%23362!/:?]
	at net.minecraft.server.Main.main(Main.java:157) ~[server-1.19.2-20220805.130853-srg.jar%23362!/:?]
	at jdk.internal.reflect.NativeMethodAccessorImpl.invoke0(Native Method) ~[?:?]
	at jdk.internal.reflect.NativeMethodAccessorImpl.invoke(NativeMethodAccessorImpl.java:77) ~[?:?]
	at jdk.internal.reflect.DelegatingMethodAccessorImpl.invoke(DelegatingMethodAccessorImpl.java:43) ~[?:?]
	at java.lang.reflect.Method.invoke(Method.java:569) ~[?:?]
	at net.minecraftforge.fml.loading.targets.CommonServerLaunchHandler.lambda$launchService$0(CommonServerLaunchHandler.java:29) ~[fmlloader-1.19.2-43.5.0.jar%2373!/:?]
	at cpw.mods.modlauncher.LaunchServiceHandlerDecorator.launch(LaunchServiceHandlerDecorator.java:30) ~[modlauncher-10.0.8.jar%2355!/:?]
	at cpw.mods.modlauncher.LaunchServiceHandler.launch(LaunchServiceHandler.java:53) ~[modlauncher-10.0.8.jar%2355!/:?]
	at cpw.mods.modlauncher.LaunchServiceHandler.launch(LaunchServiceHandler.java:71) ~[modlauncher-10.0.8.jar%2355!/:?]
	at cpw.mods.modlauncher.Launcher.run(Launcher.java:106) ~[modlauncher-10.0.8.jar%2355!/:?]
	at cpw.mods.modlauncher.Launcher.main(Launcher.java:77) ~[modlauncher-10.0.8.jar%2355!/:?]
	at cpw.mods.modlauncher.BootstrapLaunchConsumer.accept(BootstrapLaunchConsumer.java:26) ~[modlauncher-10.0.8.jar%2355!/:?]
	at cpw.mods.modlauncher.BootstrapLaunchConsumer.accept(BootstrapLaunchConsumer.java:23) ~[modlauncher-10.0.8.jar%2355!/:?]
	at cpw.mods.bootstraplauncher.BootstrapLauncher.main(BootstrapLauncher.java:141) ~[bootstraplauncher-1.1.2.jar:?]
[21Nov2025 20:57:14.473] [main/ERROR] [Apotheosis : Adventure/]: Failed to execute ShieldBreakerTest
java.lang.NullPointerException: Cannot invoke "net.minecraft.world.entity.LivingEntity.m_213824_()" because "attacker" is null
	at net.minecraftforge.common.extensions.IForgeItem.canDisableShield(IForgeItem.java:674) ~[forge-1.19.2-43.5.0-universal.jar%23367!/:?]
	at net.minecraftforge.common.extensions.IForgeItemStack.canDisableShield(IForgeItemStack.java:231) ~[forge-1.19.2-43.5.0-universal.jar%23367!/:?]
	at shadows.apotheosis.adventure.loot.ShieldBreakerTest.test(ShieldBreakerTest.java:48) ~[Apotheosis-1.19.2-6.5.2.jar%23234!/:6.5.2]
	at shadows.apotheosis.adventure.loot.ShieldBreakerTest.test(ShieldBreakerTest.java:25) ~[Apotheosis-1.19.2-6.5.2.jar%23234!/:6.5.2]
	at shadows.apotheosis.adventure.loot.LootCategory.isValid(LootCategory.java:89) ~[Apotheosis-1.19.2-6.5.2.jar%23234!/:6.5.2]
	at shadows.apotheosis.adventure.loot.LootCategory.forItem(LootCategory.java:182) ~[Apotheosis-1.19.2-6.5.2.jar%23234!/:6.5.2]
	at shadows.apotheosis.adventure.loot.AffixLootEntry.getType(AffixLootEntry.java:95) ~[Apotheosis-1.19.2-6.5.2.jar%23234!/:6.5.2]
	at shadows.apotheosis.adventure.loot.AffixLootManager.validateItem(AffixLootManager.java:28) ~[Apotheosis-1.19.2-6.5.2.jar%23234!/:6.5.2]
	at shadows.apotheosis.adventure.loot.AffixLootManager.validateItem(AffixLootManager.java:11) ~[Apotheosis-1.19.2-6.5.2.jar%23234!/:6.5.2]
	at shadows.placebo.json.PlaceboJsonReloadListener.register(PlaceboJsonReloadListener.java:184) ~[Placebo-1.19.2-7.4.1.jar%23317!/:7.4.1]
	at shadows.placebo.json.WeightedJsonReloadListener.register(WeightedJsonReloadListener.java:47) ~[Placebo-1.19.2-7.4.1.jar%23317!/:7.4.1]
	at shadows.placebo.json.PlaceboJsonReloadListener.lambda$apply$0(PlaceboJsonReloadListener.java:105) ~[Placebo-1.19.2-7.4.1.jar%23317!/:7.4.1]
	at java.util.HashMap.forEach(HashMap.java:1421) ~[?:?]
	at shadows.placebo.json.PlaceboJsonReloadListener.apply(PlaceboJsonReloadListener.java:91) ~[Placebo-1.19.2-7.4.1.jar%23317!/:7.4.1]
	at shadows.placebo.json.PlaceboJsonReloadListener.m_5787_(PlaceboJsonReloadListener.java:47) ~[Placebo-1.19.2-7.4.1.jar%23317!/:7.4.1]
	at net.minecraft.server.packs.resources.SimplePreparableReloadListener.m_10789_(SimplePreparableReloadListener.java:13) ~[server-1.19.2-20220805.130853-srg.jar%23362!/:?]
	at java.util.concurrent.CompletableFuture$UniAccept.tryFire(CompletableFuture.java:718) ~[?:?]
	at java.util.concurrent.CompletableFuture$Completion.run(CompletableFuture.java:482) ~[?:?]
	at net.minecraft.server.packs.resources.SimpleReloadInstance.m_143940_(SimpleReloadInstance.java:69) ~[server-1.19.2-20220805.130853-srg.jar%23362!/:?]
	at net.minecraft.Util.m_214652_(Util.java:781) ~[server-1.19.2-20220805.130853-srg.jar%23362!/:?]
	at net.minecraft.Util.m_214679_(Util.java:770) ~[server-1.19.2-20220805.130853-srg.jar%23362!/:?]
	at net.minecraft.server.Main.main(Main.java:157) ~[server-1.19.2-20220805.130853-srg.jar%23362!/:?]
	at jdk.internal.reflect.NativeMethodAccessorImpl.invoke0(Native Method) ~[?:?]
	at jdk.internal.reflect.NativeMethodAccessorImpl.invoke(NativeMethodAccessorImpl.java:77) ~[?:?]
	at jdk.internal.reflect.DelegatingMethodAccessorImpl.invoke(DelegatingMethodAccessorImpl.java:43) ~[?:?]
	at java.lang.reflect.Method.invoke(Method.java:569) ~[?:?]
	at net.minecraftforge.fml.loading.targets.CommonServerLaunchHandler.lambda$launchService$0(CommonServerLaunchHandler.java:29) ~[fmlloader-1.19.2-43.5.0.jar%2373!/:?]
	at cpw.mods.modlauncher.LaunchServiceHandlerDecorator.launch(LaunchServiceHandlerDecorator.java:30) ~[modlauncher-10.0.8.jar%2355!/:?]
	at cpw.mods.modlauncher.LaunchServiceHandler.launch(LaunchServiceHandler.java:53) ~[modlauncher-10.0.8.jar%2355!/:?]
	at cpw.mods.modlauncher.LaunchServiceHandler.launch(LaunchServiceHandler.java:71) ~[modlauncher-10.0.8.jar%2355!/:?]
	at cpw.mods.modlauncher.Launcher.run(Launcher.java:106) ~[modlauncher-10.0.8.jar%2355!/:?]
	at cpw.mods.modlauncher.Launcher.main(Launcher.java:77) ~[modlauncher-10.0.8.jar%2355!/:?]
	at cpw.mods.modlauncher.BootstrapLaunchConsumer.accept(BootstrapLaunchConsumer.java:26) ~[modlauncher-10.0.8.jar%2355!/:?]
	at cpw.mods.modlauncher.BootstrapLaunchConsumer.accept(BootstrapLaunchConsumer.java:23) ~[modlauncher-10.0.8.jar%2355!/:?]
	at cpw.mods.bootstraplauncher.BootstrapLauncher.main(BootstrapLauncher.java:141) ~[bootstraplauncher-1.1.2.jar:?]
[21Nov2025 20:57:14.476] [main/ERROR] [Apotheosis : Adventure/]: Failed to execute ShieldBreakerTest
java.lang.NullPointerException: Cannot invoke "net.minecraft.world.entity.LivingEntity.m_213824_()" because "attacker" is null
	at net.minecraftforge.common.extensions.IForgeItem.canDisableShield(IForgeItem.java:674) ~[forge-1.19.2-43.5.0-universal.jar%23367!/:?]
	at net.minecraftforge.common.extensions.IForgeItemStack.canDisableShield(IForgeItemStack.java:231) ~[forge-1.19.2-43.5.0-universal.jar%23367!/:?]
	at shadows.apotheosis.adventure.loot.ShieldBreakerTest.test(ShieldBreakerTest.java:48) ~[Apotheosis-1.19.2-6.5.2.jar%23234!/:6.5.2]
	at shadows.apotheosis.adventure.loot.ShieldBreakerTest.test(ShieldBreakerTest.java:25) ~[Apotheosis-1.19.2-6.5.2.jar%23234!/:6.5.2]
	at shadows.apotheosis.adventure.loot.LootCategory.isValid(LootCategory.java:89) ~[Apotheosis-1.19.2-6.5.2.jar%23234!/:6.5.2]
	at shadows.apotheosis.adventure.loot.LootCategory.forItem(LootCategory.java:182) ~[Apotheosis-1.19.2-6.5.2.jar%23234!/:6.5.2]
	at shadows.apotheosis.adventure.loot.AffixLootEntry.getType(AffixLootEntry.java:95) ~[Apotheosis-1.19.2-6.5.2.jar%23234!/:6.5.2]
	at shadows.apotheosis.adventure.loot.AffixLootManager.validateItem(AffixLootManager.java:28) ~[Apotheosis-1.19.2-6.5.2.jar%23234!/:6.5.2]
	at shadows.apotheosis.adventure.loot.AffixLootManager.validateItem(AffixLootManager.java:11) ~[Apotheosis-1.19.2-6.5.2.jar%23234!/:6.5.2]
	at shadows.placebo.json.PlaceboJsonReloadListener.register(PlaceboJsonReloadListener.java:184) ~[Placebo-1.19.2-7.4.1.jar%23317!/:7.4.1]
	at shadows.placebo.json.WeightedJsonReloadListener.register(WeightedJsonReloadListener.java:47) ~[Placebo-1.19.2-7.4.1.jar%23317!/:7.4.1]
	at shadows.placebo.json.PlaceboJsonReloadListener.lambda$apply$0(PlaceboJsonReloadListener.java:105) ~[Placebo-1.19.2-7.4.1.jar%23317!/:7.4.1]
	at java.util.HashMap.forEach(HashMap.java:1421) ~[?:?]
	at shadows.placebo.json.PlaceboJsonReloadListener.apply(PlaceboJsonReloadListener.java:91) ~[Placebo-1.19.2-7.4.1.jar%23317!/:7.4.1]
	at shadows.placebo.json.PlaceboJsonReloadListener.m_5787_(PlaceboJsonReloadListener.java:47) ~[Placebo-1.19.2-7.4.1.jar%23317!/:7.4.1]
	at net.minecraft.server.packs.resources.SimplePreparableReloadListener.m_10789_(SimplePreparableReloadListener.java:13) ~[server-1.19.2-20220805.130853-srg.jar%23362!/:?]
	at java.util.concurrent.CompletableFuture$UniAccept.tryFire(CompletableFuture.java:718) ~[?:?]
	at java.util.concurrent.CompletableFuture$Completion.run(CompletableFuture.java:482) ~[?:?]
	at net.minecraft.server.packs.resources.SimpleReloadInstance.m_143940_(SimpleReloadInstance.java:69) ~[server-1.19.2-20220805.130853-srg.jar%23362!/:?]
	at net.minecraft.Util.m_214652_(Util.java:781) ~[server-1.19.2-20220805.130853-srg.jar%23362!/:?]
	at net.minecraft.Util.m_214679_(Util.java:770) ~[server-1.19.2-20220805.130853-srg.jar%23362!/:?]
	at net.minecraft.server.Main.main(Main.java:157) ~[server-1.19.2-20220805.130853-srg.jar%23362!/:?]
	at jdk.internal.reflect.NativeMethodAccessorImpl.invoke0(Native Method) ~[?:?]
	at jdk.internal.reflect.NativeMethodAccessorImpl.invoke(NativeMethodAccessorImpl.java:77) ~[?:?]
	at jdk.internal.reflect.DelegatingMethodAccessorImpl.invoke(DelegatingMethodAccessorImpl.java:43) ~[?:?]
	at java.lang.reflect.Method.invoke(Method.java:569) ~[?:?]
	at net.minecraftforge.fml.loading.targets.CommonServerLaunchHandler.lambda$launchService$0(CommonServerLaunchHandler.java:29) ~[fmlloader-1.19.2-43.5.0.jar%2373!/:?]
	at cpw.mods.modlauncher.LaunchServiceHandlerDecorator.launch(LaunchServiceHandlerDecorator.java:30) ~[modlauncher-10.0.8.jar%2355!/:?]
	at cpw.mods.modlauncher.LaunchServiceHandler.launch(LaunchServiceHandler.java:53) ~[modlauncher-10.0.8.jar%2355!/:?]
	at cpw.mods.modlauncher.LaunchServiceHandler.launch(LaunchServiceHandler.java:71) ~[modlauncher-10.0.8.jar%2355!/:?]
	at cpw.mods.modlauncher.Launcher.run(Launcher.java:106) ~[modlauncher-10.0.8.jar%2355!/:?]
	at cpw.mods.modlauncher.Launcher.main(Launcher.java:77) ~[modlauncher-10.0.8.jar%2355!/:?]
	at cpw.mods.modlauncher.BootstrapLaunchConsumer.accept(BootstrapLaunchConsumer.java:26) ~[modlauncher-10.0.8.jar%2355!/:?]
	at cpw.mods.modlauncher.BootstrapLaunchConsumer.accept(BootstrapLaunchConsumer.java:23) ~[modlauncher-10.0.8.jar%2355!/:?]
	at cpw.mods.bootstraplauncher.BootstrapLauncher.main(BootstrapLauncher.java:141) ~[bootstraplauncher-1.1.2.jar:?]
[21Nov2025 20:57:14.479] [main/ERROR] [Apotheosis : Adventure/]: Failed to execute ShieldBreakerTest
java.lang.NullPointerException: Cannot invoke "net.minecraft.world.entity.LivingEntity.m_213824_()" because "attacker" is null
	at net.minecraftforge.common.extensions.IForgeItem.canDisableShield(IForgeItem.java:674) ~[forge-1.19.2-43.5.0-universal.jar%23367!/:?]
	at net.minecraftforge.common.extensions.IForgeItemStack.canDisableShield(IForgeItemStack.java:231) ~[forge-1.19.2-43.5.0-universal.jar%23367!/:?]
	at shadows.apotheosis.adventure.loot.ShieldBreakerTest.test(ShieldBreakerTest.java:48) ~[Apotheosis-1.19.2-6.5.2.jar%23234!/:6.5.2]
	at shadows.apotheosis.adventure.loot.ShieldBreakerTest.test(ShieldBreakerTest.java:25) ~[Apotheosis-1.19.2-6.5.2.jar%23234!/:6.5.2]
	at shadows.apotheosis.adventure.loot.LootCategory.isValid(LootCategory.java:89) ~[Apotheosis-1.19.2-6.5.2.jar%23234!/:6.5.2]
	at shadows.apotheosis.adventure.loot.LootCategory.forItem(LootCategory.java:182) ~[Apotheosis-1.19.2-6.5.2.jar%23234!/:6.5.2]
	at shadows.apotheosis.adventure.loot.AffixLootEntry.getType(AffixLootEntry.java:95) ~[Apotheosis-1.19.2-6.5.2.jar%23234!/:6.5.2]
	at shadows.apotheosis.adventure.loot.AffixLootManager.validateItem(AffixLootManager.java:28) ~[Apotheosis-1.19.2-6.5.2.jar%23234!/:6.5.2]
	at shadows.apotheosis.adventure.loot.AffixLootManager.validateItem(AffixLootManager.java:11) ~[Apotheosis-1.19.2-6.5.2.jar%23234!/:6.5.2]
	at shadows.placebo.json.PlaceboJsonReloadListener.register(PlaceboJsonReloadListener.java:184) ~[Placebo-1.19.2-7.4.1.jar%23317!/:7.4.1]
	at shadows.placebo.json.WeightedJsonReloadListener.register(WeightedJsonReloadListener.java:47) ~[Placebo-1.19.2-7.4.1.jar%23317!/:7.4.1]
	at shadows.placebo.json.PlaceboJsonReloadListener.lambda$apply$0(PlaceboJsonReloadListener.java:105) ~[Placebo-1.19.2-7.4.1.jar%23317!/:7.4.1]
	at java.util.HashMap.forEach(HashMap.java:1421) ~[?:?]
	at shadows.placebo.json.PlaceboJsonReloadListener.apply(PlaceboJsonReloadListener.java:91) ~[Placebo-1.19.2-7.4.1.jar%23317!/:7.4.1]
	at shadows.placebo.json.PlaceboJsonReloadListener.m_5787_(PlaceboJsonReloadListener.java:47) ~[Placebo-1.19.2-7.4.1.jar%23317!/:7.4.1]
	at net.minecraft.server.packs.resources.SimplePreparableReloadListener.m_10789_(SimplePreparableReloadListener.java:13) ~[server-1.19.2-20220805.130853-srg.jar%23362!/:?]
	at java.util.concurrent.CompletableFuture$UniAccept.tryFire(CompletableFuture.java:718) ~[?:?]
	at java.util.concurrent.CompletableFuture$Completion.run(CompletableFuture.java:482) ~[?:?]
	at net.minecraft.server.packs.resources.SimpleReloadInstance.m_143940_(SimpleReloadInstance.java:69) ~[server-1.19.2-20220805.130853-srg.jar%23362!/:?]
	at net.minecraft.Util.m_214652_(Util.java:781) ~[server-1.19.2-20220805.130853-srg.jar%23362!/:?]
	at net.minecraft.Util.m_214679_(Util.java:770) ~[server-1.19.2-20220805.130853-srg.jar%23362!/:?]
	at net.minecraft.server.Main.main(Main.java:157) ~[server-1.19.2-20220805.130853-srg.jar%23362!/:?]
	at jdk.internal.reflect.NativeMethodAccessorImpl.invoke0(Native Method) ~[?:?]
	at jdk.internal.reflect.NativeMethodAccessorImpl.invoke(NativeMethodAccessorImpl.java:77) ~[?:?]
	at jdk.internal.reflect.DelegatingMethodAccessorImpl.invoke(DelegatingMethodAccessorImpl.java:43) ~[?:?]
	at java.lang.reflect.Method.invoke(Method.java:569) ~[?:?]
	at net.minecraftforge.fml.loading.targets.CommonServerLaunchHandler.lambda$launchService$0(CommonServerLaunchHandler.java:29) ~[fmlloader-1.19.2-43.5.0.jar%2373!/:?]
	at cpw.mods.modlauncher.LaunchServiceHandlerDecorator.launch(LaunchServiceHandlerDecorator.java:30) ~[modlauncher-10.0.8.jar%2355!/:?]
	at cpw.mods.modlauncher.LaunchServiceHandler.launch(LaunchServiceHandler.java:53) ~[modlauncher-10.0.8.jar%2355!/:?]
	at cpw.mods.modlauncher.LaunchServiceHandler.launch(LaunchServiceHandler.java:71) ~[modlauncher-10.0.8.jar%2355!/:?]
	at cpw.mods.modlauncher.Launcher.run(Launcher.java:106) ~[modlauncher-10.0.8.jar%2355!/:?]
	at cpw.mods.modlauncher.Launcher.main(Launcher.java:77) ~[modlauncher-10.0.8.jar%2355!/:?]
	at cpw.mods.modlauncher.BootstrapLaunchConsumer.accept(BootstrapLaunchConsumer.java:26) ~[modlauncher-10.0.8.jar%2355!/:?]
	at cpw.mods.modlauncher.BootstrapLaunchConsumer.accept(BootstrapLaunchConsumer.java:23) ~[modlauncher-10.0.8.jar%2355!/:?]
	at cpw.mods.bootstraplauncher.BootstrapLauncher.main(BootstrapLauncher.java:141) ~[bootstraplauncher-1.1.2.jar:?]
[21Nov2025 20:57:14.482] [main/ERROR] [Apotheosis : Adventure/]: Failed to execute ShieldBreakerTest
java.lang.NullPointerException: Cannot invoke "net.minecraft.world.entity.LivingEntity.m_213824_()" because "attacker" is null
	at net.minecraftforge.common.extensions.IForgeItem.canDisableShield(IForgeItem.java:674) ~[forge-1.19.2-43.5.0-universal.jar%23367!/:?]
	at net.minecraftforge.common.extensions.IForgeItemStack.canDisableShield(IForgeItemStack.java:231) ~[forge-1.19.2-43.5.0-universal.jar%23367!/:?]
	at shadows.apotheosis.adventure.loot.ShieldBreakerTest.test(ShieldBreakerTest.java:48) ~[Apotheosis-1.19.2-6.5.2.jar%23234!/:6.5.2]
	at shadows.apotheosis.adventure.loot.ShieldBreakerTest.test(ShieldBreakerTest.java:25) ~[Apotheosis-1.19.2-6.5.2.jar%23234!/:6.5.2]
	at shadows.apotheosis.adventure.loot.LootCategory.isValid(LootCategory.java:89) ~[Apotheosis-1.19.2-6.5.2.jar%23234!/:6.5.2]
	at shadows.apotheosis.adventure.loot.LootCategory.forItem(LootCategory.java:182) ~[Apotheosis-1.19.2-6.5.2.jar%23234!/:6.5.2]
	at shadows.apotheosis.adventure.loot.AffixLootEntry.getType(AffixLootEntry.java:95) ~[Apotheosis-1.19.2-6.5.2.jar%23234!/:6.5.2]
	at shadows.apotheosis.adventure.loot.AffixLootManager.validateItem(AffixLootManager.java:28) ~[Apotheosis-1.19.2-6.5.2.jar%23234!/:6.5.2]
	at shadows.apotheosis.adventure.loot.AffixLootManager.validateItem(AffixLootManager.java:11) ~[Apotheosis-1.19.2-6.5.2.jar%23234!/:6.5.2]
	at shadows.placebo.json.PlaceboJsonReloadListener.register(PlaceboJsonReloadListener.java:184) ~[Placebo-1.19.2-7.4.1.jar%23317!/:7.4.1]
	at shadows.placebo.json.WeightedJsonReloadListener.register(WeightedJsonReloadListener.java:47) ~[Placebo-1.19.2-7.4.1.jar%23317!/:7.4.1]
	at shadows.placebo.json.PlaceboJsonReloadListener.lambda$apply$0(PlaceboJsonReloadListener.java:105) ~[Placebo-1.19.2-7.4.1.jar%23317!/:7.4.1]
	at java.util.HashMap.forEach(HashMap.java:1421) ~[?:?]
	at shadows.placebo.json.PlaceboJsonReloadListener.apply(PlaceboJsonReloadListener.java:91) ~[Placebo-1.19.2-7.4.1.jar%23317!/:7.4.1]
	at shadows.placebo.json.PlaceboJsonReloadListener.m_5787_(PlaceboJsonReloadListener.java:47) ~[Placebo-1.19.2-7.4.1.jar%23317!/:7.4.1]
	at net.minecraft.server.packs.resources.SimplePreparableReloadListener.m_10789_(SimplePreparableReloadListener.java:13) ~[server-1.19.2-20220805.130853-srg.jar%23362!/:?]
	at java.util.concurrent.CompletableFuture$UniAccept.tryFire(CompletableFuture.java:718) ~[?:?]
	at java.util.concurrent.CompletableFuture$Completion.run(CompletableFuture.java:482) ~[?:?]
	at net.minecraft.server.packs.resources.SimpleReloadInstance.m_143940_(SimpleReloadInstance.java:69) ~[server-1.19.2-20220805.130853-srg.jar%23362!/:?]
	at net.minecraft.Util.m_214652_(Util.java:781) ~[server-1.19.2-20220805.130853-srg.jar%23362!/:?]
	at net.minecraft.Util.m_214679_(Util.java:770) ~[server-1.19.2-20220805.130853-srg.jar%23362!/:?]
	at net.minecraft.server.Main.main(Main.java:157) ~[server-1.19.2-20220805.130853-srg.jar%23362!/:?]
	at jdk.internal.reflect.NativeMethodAccessorImpl.invoke0(Native Method) ~[?:?]
	at jdk.internal.reflect.NativeMethodAccessorImpl.invoke(NativeMethodAccessorImpl.java:77) ~[?:?]
	at jdk.internal.reflect.DelegatingMethodAccessorImpl.invoke(DelegatingMethodAccessorImpl.java:43) ~[?:?]
	at java.lang.reflect.Method.invoke(Method.java:569) ~[?:?]
	at net.minecraftforge.fml.loading.targets.CommonServerLaunchHandler.lambda$launchService$0(CommonServerLaunchHandler.java:29) ~[fmlloader-1.19.2-43.5.0.jar%2373!/:?]
	at cpw.mods.modlauncher.LaunchServiceHandlerDecorator.launch(LaunchServiceHandlerDecorator.java:30) ~[modlauncher-10.0.8.jar%2355!/:?]
	at cpw.mods.modlauncher.LaunchServiceHandler.launch(LaunchServiceHandler.java:53) ~[modlauncher-10.0.8.jar%2355!/:?]
	at cpw.mods.modlauncher.LaunchServiceHandler.launch(LaunchServiceHandler.java:71) ~[modlauncher-10.0.8.jar%2355!/:?]
	at cpw.mods.modlauncher.Launcher.run(Launcher.java:106) ~[modlauncher-10.0.8.jar%2355!/:?]
	at cpw.mods.modlauncher.Launcher.main(Launcher.java:77) ~[modlauncher-10.0.8.jar%2355!/:?]
	at cpw.mods.modlauncher.BootstrapLaunchConsumer.accept(BootstrapLaunchConsumer.java:26) ~[modlauncher-10.0.8.jar%2355!/:?]
	at cpw.mods.modlauncher.BootstrapLaunchConsumer.accept(BootstrapLaunchConsumer.java:23) ~[modlauncher-10.0.8.jar%2355!/:?]
	at cpw.mods.bootstraplauncher.BootstrapLauncher.main(BootstrapLauncher.java:141) ~[bootstraplauncher-1.1.2.jar:?]
[21Nov2025 20:57:14.485] [main/ERROR] [Apotheosis : Adventure/]: Failed to execute ShieldBreakerTest
java.lang.NullPointerException: Cannot invoke "net.minecraft.world.entity.LivingEntity.m_213824_()" because "attacker" is null
	at net.minecraftforge.common.extensions.IForgeItem.canDisableShield(IForgeItem.java:674) ~[forge-1.19.2-43.5.0-universal.jar%23367!/:?]
	at net.minecraftforge.common.extensions.IForgeItemStack.canDisableShield(IForgeItemStack.java:231) ~[forge-1.19.2-43.5.0-universal.jar%23367!/:?]
	at shadows.apotheosis.adventure.loot.ShieldBreakerTest.test(ShieldBreakerTest.java:48) ~[Apotheosis-1.19.2-6.5.2.jar%23234!/:6.5.2]
	at shadows.apotheosis.adventure.loot.ShieldBreakerTest.test(ShieldBreakerTest.java:25) ~[Apotheosis-1.19.2-6.5.2.jar%23234!/:6.5.2]
	at shadows.apotheosis.adventure.loot.LootCategory.isValid(LootCategory.java:89) ~[Apotheosis-1.19.2-6.5.2.jar%23234!/:6.5.2]
	at shadows.apotheosis.adventure.loot.LootCategory.forItem(LootCategory.java:182) ~[Apotheosis-1.19.2-6.5.2.jar%23234!/:6.5.2]
	at shadows.apotheosis.adventure.loot.AffixLootEntry.getType(AffixLootEntry.java:95) ~[Apotheosis-1.19.2-6.5.2.jar%23234!/:6.5.2]
	at shadows.apotheosis.adventure.loot.AffixLootManager.validateItem(AffixLootManager.java:28) ~[Apotheosis-1.19.2-6.5.2.jar%23234!/:6.5.2]
	at shadows.apotheosis.adventure.loot.AffixLootManager.validateItem(AffixLootManager.java:11) ~[Apotheosis-1.19.2-6.5.2.jar%23234!/:6.5.2]
	at shadows.placebo.json.PlaceboJsonReloadListener.register(PlaceboJsonReloadListener.java:184) ~[Placebo-1.19.2-7.4.1.jar%23317!/:7.4.1]
	at shadows.placebo.json.WeightedJsonReloadListener.register(WeightedJsonReloadListener.java:47) ~[Placebo-1.19.2-7.4.1.jar%23317!/:7.4.1]
	at shadows.placebo.json.PlaceboJsonReloadListener.lambda$apply$0(PlaceboJsonReloadListener.java:105) ~[Placebo-1.19.2-7.4.1.jar%23317!/:7.4.1]
	at java.util.HashMap.forEach(HashMap.java:1421) ~[?:?]
	at shadows.placebo.json.PlaceboJsonReloadListener.apply(PlaceboJsonReloadListener.java:91) ~[Placebo-1.19.2-7.4.1.jar%23317!/:7.4.1]
	at shadows.placebo.json.PlaceboJsonReloadListener.m_5787_(PlaceboJsonReloadListener.java:47) ~[Placebo-1.19.2-7.4.1.jar%23317!/:7.4.1]
	at net.minecraft.server.packs.resources.SimplePreparableReloadListener.m_10789_(SimplePreparableReloadListener.java:13) ~[server-1.19.2-20220805.130853-srg.jar%23362!/:?]
	at java.util.concurrent.CompletableFuture$UniAccept.tryFire(CompletableFuture.java:718) ~[?:?]
	at java.util.concurrent.CompletableFuture$Completion.run(CompletableFuture.java:482) ~[?:?]
	at net.minecraft.server.packs.resources.SimpleReloadInstance.m_143940_(SimpleReloadInstance.java:69) ~[server-1.19.2-20220805.130853-srg.jar%23362!/:?]
	at net.minecraft.Util.m_214652_(Util.java:781) ~[server-1.19.2-20220805.130853-srg.jar%23362!/:?]
	at net.minecraft.Util.m_214679_(Util.java:770) ~[server-1.19.2-20220805.130853-srg.jar%23362!/:?]
	at net.minecraft.server.Main.main(Main.java:157) ~[server-1.19.2-20220805.130853-srg.jar%23362!/:?]
	at jdk.internal.reflect.NativeMethodAccessorImpl.invoke0(Native Method) ~[?:?]
	at jdk.internal.reflect.NativeMethodAccessorImpl.invoke(NativeMethodAccessorImpl.java:77) ~[?:?]
	at jdk.internal.reflect.DelegatingMethodAccessorImpl.invoke(DelegatingMethodAccessorImpl.java:43) ~[?:?]
	at java.lang.reflect.Method.invoke(Method.java:569) ~[?:?]
	at net.minecraftforge.fml.loading.targets.CommonServerLaunchHandler.lambda$launchService$0(CommonServerLaunchHandler.java:29) ~[fmlloader-1.19.2-43.5.0.jar%2373!/:?]
	at cpw.mods.modlauncher.LaunchServiceHandlerDecorator.launch(LaunchServiceHandlerDecorator.java:30) ~[modlauncher-10.0.8.jar%2355!/:?]
	at cpw.mods.modlauncher.LaunchServiceHandler.launch(LaunchServiceHandler.java:53) ~[modlauncher-10.0.8.jar%2355!/:?]
	at cpw.mods.modlauncher.LaunchServiceHandler.launch(LaunchServiceHandler.java:71) ~[modlauncher-10.0.8.jar%2355!/:?]
	at cpw.mods.modlauncher.Launcher.run(Launcher.java:106) ~[modlauncher-10.0.8.jar%2355!/:?]
	at cpw.mods.modlauncher.Launcher.main(Launcher.java:77) ~[modlauncher-10.0.8.jar%2355!/:?]
	at cpw.mods.modlauncher.BootstrapLaunchConsumer.accept(BootstrapLaunchConsumer.java:26) ~[modlauncher-10.0.8.jar%2355!/:?]
	at cpw.mods.modlauncher.BootstrapLaunchConsumer.accept(BootstrapLaunchConsumer.java:23) ~[modlauncher-10.0.8.jar%2355!/:?]
	at cpw.mods.bootstraplauncher.BootstrapLauncher.main(BootstrapLauncher.java:141) ~[bootstraplauncher-1.1.2.jar:?]
[21Nov2025 20:57:14.490] [main/ERROR] [Apotheosis : Adventure/]: Failed to execute ShieldBreakerTest
java.lang.NullPointerException: Cannot invoke "net.minecraft.world.entity.LivingEntity.m_213824_()" because "attacker" is null
	at net.minecraftforge.common.extensions.IForgeItem.canDisableShield(IForgeItem.java:674) ~[forge-1.19.2-43.5.0-universal.jar%23367!/:?]
	at net.minecraftforge.common.extensions.IForgeItemStack.canDisableShield(IForgeItemStack.java:231) ~[forge-1.19.2-43.5.0-universal.jar%23367!/:?]
	at shadows.apotheosis.adventure.loot.ShieldBreakerTest.test(ShieldBreakerTest.java:48) ~[Apotheosis-1.19.2-6.5.2.jar%23234!/:6.5.2]
	at shadows.apotheosis.adventure.loot.ShieldBreakerTest.test(ShieldBreakerTest.java:25) ~[Apotheosis-1.19.2-6.5.2.jar%23234!/:6.5.2]
	at shadows.apotheosis.adventure.loot.LootCategory.isValid(LootCategory.java:89) ~[Apotheosis-1.19.2-6.5.2.jar%23234!/:6.5.2]
	at shadows.apotheosis.adventure.loot.LootCategory.forItem(LootCategory.java:182) ~[Apotheosis-1.19.2-6.5.2.jar%23234!/:6.5.2]
	at shadows.apotheosis.adventure.loot.AffixLootEntry.getType(AffixLootEntry.java:95) ~[Apotheosis-1.19.2-6.5.2.jar%23234!/:6.5.2]
	at shadows.apotheosis.adventure.loot.AffixLootManager.validateItem(AffixLootManager.java:28) ~[Apotheosis-1.19.2-6.5.2.jar%23234!/:6.5.2]
	at shadows.apotheosis.adventure.loot.AffixLootManager.validateItem(AffixLootManager.java:11) ~[Apotheosis-1.19.2-6.5.2.jar%23234!/:6.5.2]
	at shadows.placebo.json.PlaceboJsonReloadListener.register(PlaceboJsonReloadListener.java:184) ~[Placebo-1.19.2-7.4.1.jar%23317!/:7.4.1]
	at shadows.placebo.json.WeightedJsonReloadListener.register(WeightedJsonReloadListener.java:47) ~[Placebo-1.19.2-7.4.1.jar%23317!/:7.4.1]
	at shadows.placebo.json.PlaceboJsonReloadListener.lambda$apply$0(PlaceboJsonReloadListener.java:105) ~[Placebo-1.19.2-7.4.1.jar%23317!/:7.4.1]
	at java.util.HashMap.forEach(HashMap.java:1421) ~[?:?]
	at shadows.placebo.json.PlaceboJsonReloadListener.apply(PlaceboJsonReloadListener.java:91) ~[Placebo-1.19.2-7.4.1.jar%23317!/:7.4.1]
	at shadows.placebo.json.PlaceboJsonReloadListener.m_5787_(PlaceboJsonReloadListener.java:47) ~[Placebo-1.19.2-7.4.1.jar%23317!/:7.4.1]
	at net.minecraft.server.packs.resources.SimplePreparableReloadListener.m_10789_(SimplePreparableReloadListener.java:13) ~[server-1.19.2-20220805.130853-srg.jar%23362!/:?]
	at java.util.concurrent.CompletableFuture$UniAccept.tryFire(CompletableFuture.java:718) ~[?:?]
	at java.util.concurrent.CompletableFuture$Completion.run(CompletableFuture.java:482) ~[?:?]
	at net.minecraft.server.packs.resources.SimpleReloadInstance.m_143940_(SimpleReloadInstance.java:69) ~[server-1.19.2-20220805.130853-srg.jar%23362!/:?]
	at net.minecraft.Util.m_214652_(Util.java:781) ~[server-1.19.2-20220805.130853-srg.jar%23362!/:?]
	at net.minecraft.Util.m_214679_(Util.java:770) ~[server-1.19.2-20220805.130853-srg.jar%23362!/:?]
	at net.minecraft.server.Main.main(Main.java:157) ~[server-1.19.2-20220805.130853-srg.jar%23362!/:?]
	at jdk.internal.reflect.NativeMethodAccessorImpl.invoke0(Native Method) ~[?:?]
	at jdk.internal.reflect.NativeMethodAccessorImpl.invoke(NativeMethodAccessorImpl.java:77) ~[?:?]
	at jdk.internal.reflect.DelegatingMethodAccessorImpl.invoke(DelegatingMethodAccessorImpl.java:43) ~[?:?]
	at java.lang.reflect.Method.invoke(Method.java:569) ~[?:?]
	at net.minecraftforge.fml.loading.targets.CommonServerLaunchHandler.lambda$launchService$0(CommonServerLaunchHandler.java:29) ~[fmlloader-1.19.2-43.5.0.jar%2373!/:?]
	at cpw.mods.modlauncher.LaunchServiceHandlerDecorator.launch(LaunchServiceHandlerDecorator.java:30) ~[modlauncher-10.0.8.jar%2355!/:?]
	at cpw.mods.modlauncher.LaunchServiceHandler.launch(LaunchServiceHandler.java:53) ~[modlauncher-10.0.8.jar%2355!/:?]
	at cpw.mods.modlauncher.LaunchServiceHandler.launch(LaunchServiceHandler.java:71) ~[modlauncher-10.0.8.jar%2355!/:?]
	at cpw.mods.modlauncher.Launcher.run(Launcher.java:106) ~[modlauncher-10.0.8.jar%2355!/:?]
	at cpw.mods.modlauncher.Launcher.main(Launcher.java:77) ~[modlauncher-10.0.8.jar%2355!/:?]
	at cpw.mods.modlauncher.BootstrapLaunchConsumer.accept(BootstrapLaunchConsumer.java:26) ~[modlauncher-10.0.8.jar%2355!/:?]
	at cpw.mods.modlauncher.BootstrapLaunchConsumer.accept(BootstrapLaunchConsumer.java:23) ~[modlauncher-10.0.8.jar%2355!/:?]
	at cpw.mods.bootstraplauncher.BootstrapLauncher.main(BootstrapLauncher.java:141) ~[bootstraplauncher-1.1.2.jar:?]
[21Nov2025 20:57:14.495] [main/ERROR] [Apotheosis : Adventure/]: Failed to execute ShieldBreakerTest
java.lang.NullPointerException: Cannot invoke "net.minecraft.world.entity.LivingEntity.m_213824_()" because "attacker" is null
	at net.minecraftforge.common.extensions.IForgeItem.canDisableShield(IForgeItem.java:674) ~[forge-1.19.2-43.5.0-universal.jar%23367!/:?]
	at net.minecraftforge.common.extensions.IForgeItemStack.canDisableShield(IForgeItemStack.java:231) ~[forge-1.19.2-43.5.0-universal.jar%23367!/:?]
	at shadows.apotheosis.adventure.loot.ShieldBreakerTest.test(ShieldBreakerTest.java:48) ~[Apotheosis-1.19.2-6.5.2.jar%23234!/:6.5.2]
	at shadows.apotheosis.adventure.loot.ShieldBreakerTest.test(ShieldBreakerTest.java:25) ~[Apotheosis-1.19.2-6.5.2.jar%23234!/:6.5.2]
	at shadows.apotheosis.adventure.loot.LootCategory.isValid(LootCategory.java:89) ~[Apotheosis-1.19.2-6.5.2.jar%23234!/:6.5.2]
	at shadows.apotheosis.adventure.loot.LootCategory.forItem(LootCategory.java:182) ~[Apotheosis-1.19.2-6.5.2.jar%23234!/:6.5.2]
	at shadows.apotheosis.adventure.loot.AffixLootEntry.getType(AffixLootEntry.java:95) ~[Apotheosis-1.19.2-6.5.2.jar%23234!/:6.5.2]
	at shadows.apotheosis.adventure.loot.AffixLootManager.validateItem(AffixLootManager.java:28) ~[Apotheosis-1.19.2-6.5.2.jar%23234!/:6.5.2]
	at shadows.apotheosis.adventure.loot.AffixLootManager.validateItem(AffixLootManager.java:11) ~[Apotheosis-1.19.2-6.5.2.jar%23234!/:6.5.2]
	at shadows.placebo.json.PlaceboJsonReloadListener.register(PlaceboJsonReloadListener.java:184) ~[Placebo-1.19.2-7.4.1.jar%23317!/:7.4.1]
	at shadows.placebo.json.WeightedJsonReloadListener.register(WeightedJsonReloadListener.java:47) ~[Placebo-1.19.2-7.4.1.jar%23317!/:7.4.1]
	at shadows.placebo.json.PlaceboJsonReloadListener.lambda$apply$0(PlaceboJsonReloadListener.java:105) ~[Placebo-1.19.2-7.4.1.jar%23317!/:7.4.1]
	at java.util.HashMap.forEach(HashMap.java:1421) ~[?:?]
	at shadows.placebo.json.PlaceboJsonReloadListener.apply(PlaceboJsonReloadListener.java:91) ~[Placebo-1.19.2-7.4.1.jar%23317!/:7.4.1]
	at shadows.placebo.json.PlaceboJsonReloadListener.m_5787_(PlaceboJsonReloadListener.java:47) ~[Placebo-1.19.2-7.4.1.jar%23317!/:7.4.1]
	at net.minecraft.server.packs.resources.SimplePreparableReloadListener.m_10789_(SimplePreparableReloadListener.java:13) ~[server-1.19.2-20220805.130853-srg.jar%23362!/:?]
	at java.util.concurrent.CompletableFuture$UniAccept.tryFire(CompletableFuture.java:718) ~[?:?]
	at java.util.concurrent.CompletableFuture$Completion.run(CompletableFuture.java:482) ~[?:?]
	at net.minecraft.server.packs.resources.SimpleReloadInstance.m_143940_(SimpleReloadInstance.java:69) ~[server-1.19.2-20220805.130853-srg.jar%23362!/:?]
	at net.minecraft.Util.m_214652_(Util.java:781) ~[server-1.19.2-20220805.130853-srg.jar%23362!/:?]
	at net.minecraft.Util.m_214679_(Util.java:770) ~[server-1.19.2-20220805.130853-srg.jar%23362!/:?]
	at net.minecraft.server.Main.main(Main.java:157) ~[server-1.19.2-20220805.130853-srg.jar%23362!/:?]
	at jdk.internal.reflect.NativeMethodAccessorImpl.invoke0(Native Method) ~[?:?]
	at jdk.internal.reflect.NativeMethodAccessorImpl.invoke(NativeMethodAccessorImpl.java:77) ~[?:?]
	at jdk.internal.reflect.DelegatingMethodAccessorImpl.invoke(DelegatingMethodAccessorImpl.java:43) ~[?:?]
	at java.lang.reflect.Method.invoke(Method.java:569) ~[?:?]
	at net.minecraftforge.fml.loading.targets.CommonServerLaunchHandler.lambda$launchService$0(CommonServerLaunchHandler.java:29) ~[fmlloader-1.19.2-43.5.0.jar%2373!/:?]
	at cpw.mods.modlauncher.LaunchServiceHandlerDecorator.launch(LaunchServiceHandlerDecorator.java:30) ~[modlauncher-10.0.8.jar%2355!/:?]
	at cpw.mods.modlauncher.LaunchServiceHandler.launch(LaunchServiceHandler.java:53) ~[modlauncher-10.0.8.jar%2355!/:?]
	at cpw.mods.modlauncher.LaunchServiceHandler.launch(LaunchServiceHandler.java:71) ~[modlauncher-10.0.8.jar%2355!/:?]
	at cpw.mods.modlauncher.Launcher.run(Launcher.java:106) ~[modlauncher-10.0.8.jar%2355!/:?]
	at cpw.mods.modlauncher.Launcher.main(Launcher.java:77) ~[modlauncher-10.0.8.jar%2355!/:?]
	at cpw.mods.modlauncher.BootstrapLaunchConsumer.accept(BootstrapLaunchConsumer.java:26) ~[modlauncher-10.0.8.jar%2355!/:?]
	at cpw.mods.modlauncher.BootstrapLaunchConsumer.accept(BootstrapLaunchConsumer.java:23) ~[modlauncher-10.0.8.jar%2355!/:?]
	at cpw.mods.bootstraplauncher.BootstrapLauncher.main(BootstrapLauncher.java:141) ~[bootstraplauncher-1.1.2.jar:?]
[21Nov2025 20:57:14.497] [main/INFO] [Apotheosis : Adventure/]: Registered 75 affix_loot_entries.
[21Nov2025 20:57:14.500] [main/INFO] [Apotheosis : Adventure/]: Registered 16 boss_gear.
[21Nov2025 20:57:14.507] [main/INFO] [Apotheosis : Adventure/]: Registered 17 bosses.
[21Nov2025 20:57:14.518] [main/INFO] [Apotheosis : Adventure/]: Registered 8 random_spawners.
[21Nov2025 20:57:14.520] [main/INFO] [Apotheosis : Adventure/]: Registered 6 rarities.
[21Nov2025 20:57:14.525] [main/ERROR] [Apotheosis : Adventure/]: Insufficient number of affixes to satisfy the loot rules (ignoring backup rules) of rarity mythic for category helmetRequired: 3; Provided: 2
[21Nov2025 20:57:14.526] [main/ERROR] [Apotheosis : Adventure/]: Insufficient number of affixes to satisfy the loot rules (ignoring backup rules) of rarity mythic for category bootsRequired: 3; Provided: 2
[21Nov2025 20:57:14.529] [main/INFO] [Apotheosis : Adventure/]: Registered 5 minibosses.
[21Nov2025 20:57:14.535] [main/INFO] [Apotheosis : Village/]: Registered 28 wanderer_trades.
[21Nov2025 20:57:14.580] [main/INFO] [Spartan Weaponry/]: Finished initialising Weapon Traits & Attributes! Took 4.471489ms
[21Nov2025 20:57:14.746] [Server thread/INFO] [net.minecraft.server.dedicated.DedicatedServer/]: Starting minecraft server version 1.19.2
[21Nov2025 20:57:14.746] [Server thread/INFO] [net.minecraft.server.dedicated.DedicatedServer/]: Loading properties
[21Nov2025 20:57:14.747] [Server thread/INFO] [net.minecraft.server.dedicated.DedicatedServer/]: Default game type: SURVIVAL
[21Nov2025 20:57:14.747] [Server thread/INFO] [net.minecraft.server.MinecraftServer/]: Generating keypair
[21Nov2025 20:57:14.915] [Server thread/INFO] [net.minecraft.server.dedicated.DedicatedServer/]: Starting Minecraft server on *:25565
[21Nov2025 20:57:14.940] [Server thread/INFO] [net.minecraft.server.network.ServerConnectionListener/]: Using epoll channel type
[21Nov2025 20:57:15.064] [Server thread/INFO] [journeymap/]: Loading JourneyMap Forge Configs
[21Nov2025 20:57:15.211] [Server thread/INFO] [portb.configlib.ConfigLib/]: Reading stacksize ruleset
[21Nov2025 20:57:15.220] [Config file watcher thread/INFO] [portb.configlib.ConfigLib/]: Starting config file watcher
[21Nov2025 20:57:15.316] [Server thread/INFO] [spark/]: Starting background profiler...
[21Nov2025 20:57:15.669] [Server thread/INFO] [Framework/]: Loading server configs...
[21Nov2025 20:57:15.688] [Server thread/INFO] [net.minecraftforge.coremod.CoreMod.apotheosis/COREMODLOG]: Replaced 1 calls to Enchantment#getMaxLevel() in net/minecraft/world/entity/npc/VillagerTrades$EnchantBookForEmeralds
[21Nov2025 20:57:15.688] [Server thread/INFO] [net.minecraftforge.coremod.CoreMod.apotheosis/COREMODLOG]: Replaced 1 calls to Enchantment#isTreasureOnly() in net/minecraft/world/entity/npc/VillagerTrades$EnchantBookForEmeralds
[21Nov2025 20:57:15.688] [Server thread/INFO] [net.minecraftforge.coremod.CoreMod.apotheosis/COREMODLOG]: Replaced 1 calls to Enchantment#isTradeable() in net/minecraft/world/entity/npc/VillagerTrades$EnchantBookForEmeralds
[21Nov2025 20:57:15.702] [Server thread/INFO] [net.minecraft.server.dedicated.DedicatedServer/]: Preparing level "world"
[21Nov2025 20:57:16.072] [Server thread/INFO] [sereneseasonsfix/]: Setting cached parameters
[21Nov2025 20:57:16.142] [Server thread/INFO] [net.minecraft.server.MinecraftServer/]: Preparing start region for dimension minecraft:overworld
[21Nov2025 20:57:17.477] [Server thread/INFO] [net.minecraft.server.level.progress.LoggerChunkProgressListener/]: Preparing spawn area: 0%
[21Nov2025 20:57:17.477] [Server thread/INFO] [net.minecraft.server.level.progress.LoggerChunkProgressListener/]: Preparing spawn area: 0%
[21Nov2025 20:57:17.477] [Server thread/INFO] [net.minecraft.server.level.progress.LoggerChunkProgressListener/]: Preparing spawn area: 0%
[21Nov2025 20:57:17.644] [Server thread/INFO] [net.minecraft.server.level.progress.LoggerChunkProgressListener/]: Preparing spawn area: 3%
[21Nov2025 20:57:18.144] [Server thread/INFO] [net.minecraft.server.level.progress.LoggerChunkProgressListener/]: Preparing spawn area: 31%
[21Nov2025 20:57:18.646] [Server thread/INFO] [net.minecraft.server.level.progress.LoggerChunkProgressListener/]: Preparing spawn area: 87%
[21Nov2025 20:57:18.783] [Server thread/INFO] [net.minecraft.server.level.progress.LoggerChunkProgressListener/]: Time elapsed: 2640 ms
[21Nov2025 20:57:18.784] [Server thread/INFO] [net.minecraft.server.dedicated.DedicatedServer/]: Done (3.764s)! For help, type "help"
[21Nov2025 20:57:18.852] [Server thread/INFO] [net.minecraftforge.server.permission.PermissionAPI/]: Successfully initialized permission handler forge:default_handler
[21Nov2025 20:57:18.853] [Server thread/INFO] [tn.naizo.jauml.JaumlCore/]: HELLO from server starting
[21Nov2025 20:57:18.861] [Server thread/INFO] [puffish_skills/]: [puffish_skills] Mod configuration loaded successfully!
[21Nov2025 20:57:18.994] [Server thread/INFO] [puffish_skills/]: [puffish_skills] Data pack `puffish_skills` loaded successfully!
[21Nov2025 20:57:19.177] [Server thread/INFO] [net.bettercombat.logic.WeaponRegistry/]: Encoded Weapon Attribute registry size (with package overhead): 309447 bytes (in 31 string chunks with the size of 10000)
[21Nov2025 20:57:19.179] [Server thread/INFO] [patchouli/]: Sending reload packet to clients
[21Nov2025 20:57:19.185] [Server thread/WARN] [ModernFix/]: Dedicated server took 31.243 seconds to load
[21Nov2025 20:57:41.252] [User Authenticator #1/INFO] [net.minecraft.server.network.ServerLoginPacketListenerImpl/]: UUID of player ArukuSenpai is f1d9f0bf-f390-4de8-98f2-79f16bdcc80c
[21Nov2025 20:57:44.097] [Server thread/WARN] [net.minecraft.network.syncher.SynchedEntityData/]: defineId called for: class net.minecraft.world.entity.player.Player from class tschipp.carryon.common.carry.CarryOnDataManager
[21Nov2025 20:57:44.194] [Server thread/INFO] [net.minecraftforge.common.AdvancementLoadFix/]: Using new advancement loading for net.minecraft.server.PlayerAdvancements@5f6ebc3d
[21Nov2025 20:57:44.248] [Server thread/INFO] [net.minecraft.server.players.PlayerList/]: ArukuSenpai[/127.13.67.129:58533] logged in with entity id 99 at (-366.45937106823357, 121.0, -420.13749998807907)
[21Nov2025 20:57:44.361] [Server thread/INFO] [net.minecraft.server.MinecraftServer/]: ArukuSenpai joined the game
[21Nov2025 20:57:44.468] [Server thread/INFO] [Jade/]: Syncing config to ArukuSenpai (f1d9f0bf-f390-4de8-98f2-79f16bdcc80c)
[21Nov2025 20:57:45.360] [Server thread/WARN] [net.minecraft.network.syncher.SynchedEntityData/]: defineId called for: class dev.itsmeow.whisperwoods.entity.EntityMoth from class dev.itsmeow.whisperwoods.imdlib.entity.EntityTypeContainer
[21Nov2025 20:57:45.361] [Server thread/WARN] [net.minecraft.network.syncher.SynchedEntityData/]: defineId called for: class dev.itsmeow.whisperwoods.entity.EntityMoth from class dev.itsmeow.whisperwoods.imdlib.entity.util.EntityTypeContainerContainable
[21Nov2025 20:57:46.064] [Server thread/WARN] [net.minecraft.network.syncher.SynchedEntityData/]: defineId called for: class dev.itsmeow.whisperwoods.entity.EntityHidebehind from class dev.itsmeow.whisperwoods.imdlib.entity.EntityTypeContainer
[21Nov2025 20:57:46.261] [Server thread/WARN] [net.minecraft.network.syncher.SynchedEntityData/]: defineId called for: class dev.itsmeow.whisperwoods.entity.EntityZotzpyre from class dev.itsmeow.whisperwoods.imdlib.entity.EntityTypeContainer
[21Nov2025 20:58:49.014] [Server thread/INFO] [tn.mbs.memory.MemoryOfThePastMod/]: 0.0
[21Nov2025 20:58:49.216] [Server thread/INFO] [tn.mbs.memory.MemoryOfThePastMod/]: 0.0
[21Nov2025 20:59:35.845] [Server thread/WARN] [net.minecraft.server.level.ServerLevel/]: Tried to add entity steve_dweller:fake_steve_cave but it was marked as removed already
[21Nov2025 20:59:55.747] [Server thread/WARN] [net.minecraft.server.level.ServerLevel/]: Tried to add entity rake_the_arrival:rake_following but it was marked as removed already
[21Nov2025 21:00:15.213] [Server thread/WARN] [net.minecraft.server.level.ServerLevel/]: Tried to add entity rake_the_arrival:rake_stalking but it was marked as removed already
[21Nov2025 21:01:25.826] [Server thread/INFO] [tn.mbs.memory.MemoryOfThePastMod/]: 0.0
